observation_date,DHHNGSP,lag_1,lag_2,lag_3,rolling_volatility_7,stationary_series
2021-07-13,3.78,,,,,3.78
2021-07-14,3.8,3.78,,,,3.8
2021-07-15,3.68,3.8,,,,3.68
2021-07-16,3.7,3.68,,,,3.7
2021-07-19,3.75,3.7,,,,3.75
2021-07-20,3.82,3.75,,,,3.82
2021-07-21,3.94,3.82,,,0.0864924989866311,3.94
2021-07-22,4.02,3.94,3.78,,0.12488089563755575,4.02
2021-07-23,4.11,4.02,3.8,,0.16643316977093253,4.11
2021-07-26,4.09,4.11,3.68,,0.1646641603819295,4.09
2021-07-27,4.15,4.09,3.7,,0.1525029273723722,4.15
2021-07-28,4.1,4.15,3.75,,0.11657819774930632,4.1
2021-07-29,4.03,4.1,3.82,,0.07064330251677334,4.03
2021-07-30,3.94,4.03,3.94,,0.07064330251677334,3.94
2021-08-02,4.02,3.94,4.02,,0.07064330251677334,4.02
2021-08-03,4.06,4.02,4.11,,0.06754187413675257,4.06
2021-08-04,4.2,4.06,4.09,,0.0868770340632045,4.2
2021-08-05,4.27,4.2,4.15,,0.11290535437975983,4.27
2021-08-06,4.21,4.27,4.1,,0.12204604907672433,4.21
2021-08-09,4.24,4.21,4.03,,0.12647228192468984,4.24
2021-08-10,4.12,4.24,3.94,,0.09469248474227926,4.12
2021-08-11,4.07,4.12,4.02,,0.08360906763309993,4.07
2021-08-12,4.1,4.07,4.06,,0.07609517849690792,4.1
2021-08-13,3.95,4.1,4.2,,0.11161157134071262,3.95
2021-08-16,3.93,3.95,4.27,,0.11795883059053257,3.93
2021-08-17,3.92,3.93,4.21,,0.11912378515845017,3.92
2021-08-18,3.86,3.92,4.24,,0.10193368525898014,3.86
2021-08-19,3.83,3.86,4.12,,0.1005698051817071,3.83
2021-08-20,3.94,3.83,4.07,,0.08596787882969469,3.94
2021-08-23,3.93,3.94,4.1,,0.045250624831266656,3.93
2021-08-24,3.95,3.93,3.95,3.78,0.04525062483126665,3.95
2021-08-25,4.03,3.95,3.93,3.8,0.06473388749702225,4.03
2021-08-26,4.07,4.03,3.92,3.68,0.08521681032463972,4.07
2021-08-27,4.35,4.07,3.86,3.7,0.1667190393903426,4.35
2021-08-30,4.25,4.35,3.83,3.75,0.1649097877484487,4.25
2021-08-31,4.33,4.25,3.94,3.82,0.17738846260866792,4.33
2021-09-01,4.45,4.33,3.93,3.94,0.1882247896228638,4.45
2021-09-02,4.65,4.45,3.95,4.02,0.21469801604867667,4.65
2021-09-03,4.77,4.65,4.03,4.11,0.23804761428476046,4.77
2021-09-06,4.725,4.77,4.07,4.09,0.20909954339409328,4.725
2021-09-07,4.71,4.725,4.35,4.15,0.20930440352112173,4.71
2021-09-08,4.66,4.71,4.25,4.1,0.16167648472887136,4.66
2021-09-09,4.97,4.66,4.33,4.03,0.15542951242712139,4.97
2021-09-10,5.13,4.97,4.45,3.94,0.18004298428563043,5.13
2021-09-13,5.21,5.13,4.65,4.02,0.2209422462782434,5.21
2021-09-14,5.39,5.21,4.77,4.06,0.2838196107188004,5.39
2021-09-15,5.66,5.39,4.725,4.2,0.35897340397570565,5.66
2021-09-16,5.52,5.66,4.71,4.27,0.34078341117685573,5.52
2021-09-17,5.32,5.52,4.66,4.21,0.234865716446453,5.32
2021-09-20,5.25,5.32,4.97,4.24,0.18500965225785493,5.25
2021-09-21,4.96,5.25,5.13,4.12,0.225979350089046,4.96
2021-09-22,4.92,4.96,5.21,4.07,0.2732781593559083,4.92
2021-09-23,4.94,4.92,5.39,4.1,0.2973133668290727,4.94
2021-09-24,5.1,4.94,5.66,3.95,0.22773208988174068,5.1
2021-09-27,5.53,5.1,5.52,3.93,0.23049635881846814,5.53
2021-09-28,5.94,5.53,5.32,3.92,0.3795548771415088,5.94
2021-09-29,5.73,5.94,5.25,3.86,0.4236631635987223,5.73
2021-09-30,5.58,5.73,4.96,3.83,0.40441021135428934,5.58
2021-10-01,5.61,5.58,4.92,3.94,0.35090359549787414,5.61
2021-10-04,5.8,5.61,4.94,3.93,0.2666904751276512,5.8
2021-10-05,6.37,5.8,5.1,3.95,0.2905659502222772,6.37
2021-10-06,6.0,6.37,5.53,4.03,0.27309513430479887,6.0
2021-10-07,5.71,6.0,5.94,4.07,0.27588817610453936,5.71
2021-10-08,5.46,5.71,5.73,4.35,0.3088689042296155,5.46
2021-10-11,5.46,5.46,5.58,4.25,0.32535694684015287,5.46
2021-10-12,5.34,5.46,5.61,4.33,0.36184053314764836,5.34
2021-10-13,5.56,5.34,5.8,4.45,0.36592348927064355,5.56
2021-10-14,5.92,5.56,6.37,4.65,0.24965690743212732,5.92
2021-10-15,5.44,5.92,6.0,4.77,0.19780943210214563,5.44
2021-10-18,5.01,5.44,5.71,4.725,0.2704229491529388,5.01
2021-10-19,4.81,5.01,5.46,4.71,0.36408397775395707,4.81
2021-10-20,4.87,4.81,5.46,4.66,0.40395662190506665,4.87
2021-10-21,4.94,4.87,5.34,4.97,0.42171983478088787,4.94
2021-10-22,5.1,4.94,5.56,5.13,0.3951732591685638,5.1
2021-10-25,5.72,5.1,5.92,5.21,0.3330522624511197,5.72
2021-10-26,5.59,5.72,5.44,5.39,0.36025123508595003,5.59
2021-10-27,5.91,5.59,5.01,5.66,0.45157923947388234,5.91
2021-10-28,5.68,5.91,4.81,5.52,0.42021536428473566,5.68
2021-10-29,5.49,5.68,4.87,5.32,0.34880749227427393,5.49
2021-11-01,5.22,5.49,4.94,5.25,0.2855404232912296,5.22
2021-11-02,5.33,5.22,5.1,4.96,0.23690464225888613,5.33
2021-11-03,5.59,5.33,5.72,4.92,0.22743915983966498,5.59
2021-11-04,5.73,5.59,5.59,4.94,0.23803761207402935,5.73
2021-11-05,5.51,5.73,5.91,5.1,0.18282179717914013,5.51
2021-11-08,5.53,5.51,5.68,5.53,0.16731777578978024,5.53
2021-11-09,5.08,5.53,5.49,5.94,0.226768184549355,5.08
2021-11-10,4.56,5.08,5.22,5.73,0.3990285823394234,4.56
2021-11-11,4.81,4.56,5.33,5.58,0.4453623457900536,4.81
2021-11-12,4.97,4.81,5.59,5.61,0.4298449332802082,4.97
2021-11-15,4.77,4.97,5.73,5.8,0.37043732199092577,4.77
2021-11-16,5.11,4.77,5.51,6.37,0.3105831688322854,5.11
2021-11-17,4.82,5.11,5.53,6.0,0.19311975066066328,4.82
2021-11-18,4.95,4.82,5.08,5.71,0.175485720488126,4.95
2021-11-19,4.9,4.95,4.56,5.46,0.11745313148331468,4.9
2021-11-22,4.83,4.9,4.81,5.46,0.11499482390007051,4.83
2021-11-23,4.95,4.83,4.97,5.34,0.113410337985139,4.95
2021-11-24,4.93,4.95,4.77,5.56,0.09673232581273754,4.93
2021-11-25,4.9239999999999995,4.93,5.11,5.92,0.054426884113316025,4.9239999999999995
2021-11-26,4.918,4.9239999999999995,4.82,5.44,0.04125876530247121,4.918
2021-11-29,4.9,4.918,4.95,5.01,0.038326914576457025,4.9
2021-11-30,4.52,4.9,4.9,4.81,0.15178430811673074,4.52
2021-12-01,4.31,4.52,4.83,4.87,0.2562781227309002,4.31
2021-12-02,4.08,4.31,4.95,4.94,0.3523856112948096,4.08
2021-12-03,3.79,4.08,4.93,5.1,0.4529568464676318,3.79
2021-12-06,3.66,3.79,4.9239999999999995,5.72,0.5012741859739098,3.66
2021-12-07,3.6,3.66,4.918,5.59,0.48251819605462054,3.6
2021-12-08,3.79,3.6,4.9,5.91,0.3482746589909076,3.79
2021-12-09,3.67,3.79,4.52,5.68,0.25895393964397845,3.67
2021-12-10,3.65,3.67,4.31,5.49,0.16283207827169588,3.65
2021-12-13,4.05,3.65,4.08,5.22,0.15273693537767924,4.05
2021-12-14,3.71,4.05,3.79,5.33,0.15173598625179,3.71
2021-12-15,3.79,3.71,3.66,5.59,0.14926805546045796,3.79
2021-12-16,3.67,3.79,3.6,5.73,0.13945472042069096,3.67
2021-12-17,3.71,3.67,3.79,5.51,0.13999999999997845,3.71
2021-12-20,3.91,3.71,3.67,5.53,0.14638501094226014,3.91
2021-12-21,3.96,3.91,3.65,5.08,0.14587992453023424,3.96
2021-12-22,3.95,3.96,4.05,4.56,0.12380860805519874,3.95
2021-12-23,3.56,3.95,3.71,4.81,0.15413352282075798,3.56
2021-12-24,3.5325,3.56,3.79,4.97,0.18296093129667437,3.5325
2021-12-27,3.45,3.5325,3.67,4.77,0.21610389366491453,3.45
2021-12-28,3.32,3.45,3.71,5.11,0.2652037626322056,3.32
2021-12-29,3.4,3.32,3.91,4.82,0.25789151927560333,3.4
2021-12-30,3.82,3.4,3.96,4.95,0.228745934129867,3.82
2021-12-31,3.82,3.82,3.95,4.9,0.19630439798094085,3.82
2022-01-03,3.74,3.82,3.56,4.83,0.20812012900061153,3.74
2022-01-04,3.73,3.74,3.5325,4.95,0.2134188816567369,3.73
2022-01-05,3.78,3.73,3.45,4.93,0.20820091029486998,3.78
2022-01-06,3.94,3.78,3.32,4.9239999999999995,0.16819772944504938,3.94
2022-01-07,3.83,3.94,3.4,4.918,0.07033931367033072,3.83
2022-01-10,4.16,3.83,3.82,4.9,0.1508547077725359,4.16
2022-01-11,4.16,4.16,3.82,4.52,0.18724824368174803,4.16
2022-01-12,4.62,4.16,3.74,4.31,0.3115781641594085,4.62
2022-01-13,4.78,4.62,3.73,4.08,0.3861100262631725,4.78
2022-01-14,4.37,4.78,3.78,3.79,0.34621078082852974,4.37
2022-01-17,4.505,4.37,3.94,3.66,0.3226803666906536,4.505
2022-01-18,4.55,4.505,3.83,3.6,0.2328881808119522,4.55
2022-01-19,4.89,4.55,4.16,3.79,0.24489307676538122,4.89
2022-01-20,4.45,4.89,4.16,3.67,0.18423264278260404,4.45
2022-01-21,4.11,4.45,4.62,3.65,0.2585513672827999,4.11
2022-01-24,4.2,4.11,4.78,4.05,0.2550560162563649,4.2
2022-01-25,4.24,4.2,4.37,3.71,0.2654623101218584,4.24
2022-01-26,4.43,4.24,4.505,3.79,0.26299556396765,4.43
2022-01-27,4.43,4.43,4.55,3.67,0.2561714455668413,4.43
2022-01-28,5.69,4.43,4.89,3.71,0.5381670832778658,5.69
2022-01-31,5.56,5.69,4.45,3.91,0.6667047608163855,5.56
2022-02-01,5.45,5.56,4.11,3.96,0.6728970769668065,5.45
2022-02-02,6.7,5.45,4.2,3.95,0.8933244491384797,6.7
2022-02-03,5.84,6.7,4.24,3.56,0.8025732424668833,5.84
2022-02-04,5.34,5.84,4.43,3.5325,0.6746780537341299,5.34
2022-02-07,4.44,5.34,4.43,3.45,0.6718595374743409,4.44
2022-02-08,4.3,4.44,5.69,3.32,0.8208503140617269,4.3
2022-02-09,4.13,4.3,5.56,3.4,0.9370597378934548,4.13
2022-02-10,4.03,4.13,5.45,3.82,1.0169960434440983,4.03
2022-02-11,4.04,4.03,6.7,3.82,0.7140594879846849,4.04
2022-02-14,4.05,4.04,5.84,3.74,0.4700253285981596,4.05
2022-02-15,4.31,4.05,5.34,3.73,0.1633867745419952,4.31
2022-02-16,4.39,4.31,4.44,3.78,0.15104398602488067,4.39
2022-02-17,4.57,4.39,4.3,3.94,0.21013601037694937,4.57
2022-02-18,4.61,4.57,4.13,3.83,0.2512539978359939,4.61
2022-02-21,4.5125,4.61,4.03,4.16,0.23507281040238148,4.5125
2022-02-22,4.48,4.5125,4.04,4.16,0.19175179269043988,4.48
2022-02-23,4.59,4.48,4.05,4.62,0.11079662836539687,4.59
2022-02-24,4.78,4.59,4.31,4.78,0.12208871676736312,4.78
2022-02-25,4.63,4.78,4.39,4.37,0.0969090761880203,4.63
2022-02-28,4.46,4.63,4.57,4.505,0.10989036744473735,4.46
2022-03-01,4.36,4.46,4.61,4.55,0.13614046492675427,4.36
2022-03-02,4.65,4.36,4.5125,4.89,0.14057704208689742,4.65
2022-03-03,4.63,4.65,4.48,4.45,0.1369741025227078,4.63
2022-03-04,4.74,4.63,4.59,4.11,0.1489646810169197,4.74
2022-03-07,4.93,4.74,4.78,4.2,0.18451996923806208,4.93
2022-03-08,4.61,4.93,4.63,4.24,0.18464895909599502,4.61
2022-03-09,4.55,4.61,4.46,4.43,0.17401423039782887,4.55
2022-03-10,4.65,4.55,4.36,4.43,0.12396235987856505,4.65
2022-03-11,4.79,4.65,4.65,5.69,0.1294861639970187,4.79
2022-03-14,4.59,4.79,4.63,5.56,0.1338976154700583,4.59
2022-03-15,4.46,4.59,4.74,5.45,0.15767658279497618,4.46
2022-03-16,4.68,4.46,4.93,6.7,0.10399175791514446,4.68
2022-03-17,4.8,4.68,4.61,5.84,0.12421180068160857,4.8
2022-03-18,4.87,4.8,4.55,5.34,0.14088157809882443,4.87
2022-03-21,4.77,4.87,4.65,4.44,0.1422941286477244,4.77
2022-03-22,5.0,4.77,4.79,4.3,0.17957622071871082,5.0
2022-03-23,5.26,5.0,4.59,4.13,0.2513866307010659,5.26
2022-03-24,5.19,5.26,4.46,4.03,0.2196534066378555,5.19
2022-03-25,5.51,5.19,4.68,4.04,0.2740872297714827,5.51
2022-03-28,5.52,5.51,4.8,4.05,0.2957476401709111,5.52
2022-03-29,5.32,5.52,4.87,4.31,0.2699911815138307,5.32
2022-03-30,5.32,5.32,4.77,4.39,0.18117342388939342,5.32
2022-03-31,5.46,5.32,5.0,4.57,0.12889641466806678,5.46
2022-04-01,5.43,5.46,5.26,4.61,0.1207910435027066,5.43
2022-04-04,5.72,5.43,5.19,4.5125,0.13740797786500322,5.72
2022-04-05,5.95,5.72,5.51,4.48,0.22937804104639736,5.95
2022-04-06,6.29,5.95,5.52,4.59,0.36658007635569834,6.29
2022-04-07,6.05,6.29,5.32,4.78,0.3637241236091382,6.05
2022-04-08,6.38,6.05,5.32,4.63,0.37734662604888114,6.38
2022-04-11,6.35,6.38,5.46,4.46,0.3547702140286061,6.35
2022-04-12,6.59,6.35,5.43,4.36,0.29715315916207,6.59
2022-04-13,6.68,6.59,5.72,4.65,0.2637368818674054,6.68
2022-04-14,6.94,6.68,5.95,4.63,0.29174352728772796,6.94
2022-04-15,7.075,6.94,6.29,4.74,0.35555623759855226,7.075
2022-04-18,7.48,7.075,6.05,4.93,0.4069090807539209,7.48
2022-04-19,7.44,7.48,6.38,4.61,0.42777246956096565,7.44
2022-04-20,7.12,7.44,6.35,4.55,0.34230486272856386,7.12
2022-04-21,6.88,7.12,6.59,4.65,0.2916598638662478,6.88
2022-04-22,6.59,6.88,6.68,4.79,0.31378070898851523,6.59
2022-04-25,6.42,6.59,6.94,4.59,0.4006081686160512,6.42
2022-04-26,6.89,6.42,7.075,4.46,0.40099281551573934,6.89
2022-04-27,6.91,6.89,7.48,4.68,0.33335238040819626,6.91
2022-04-28,6.97,6.91,7.44,4.8,0.2386669326947194,6.97
2022-04-29,6.84,6.97,7.12,4.87,0.20173060773030668,6.84
2022-05-02,7.3,6.84,6.88,4.77,0.28123875638901397,7.3
2022-05-03,7.84,7.3,6.59,5.0,0.4424498895489823,7.84
2022-05-04,8.3,7.84,6.42,5.26,0.5674420465479092,8.3
2022-05-05,8.42,8.3,6.89,5.19,0.6715263353343809,8.42
2022-05-06,8.35,8.42,6.91,5.51,0.6771192481317314,8.35
2022-05-09,8.06,8.35,6.97,5.52,0.5972915057634324,8.06
2022-05-10,6.78,8.06,6.84,5.32,0.6147589539230613,6.78
2022-05-11,7.53,6.78,7.3,5.32,0.5849989824981021,7.53
2022-05-12,7.25,7.53,7.84,5.46,0.6349728153161214,7.25
2022-05-13,7.75,7.25,8.3,5.43,0.5975744623854359,7.75
2022-05-16,8.07,7.75,8.42,5.72,0.5427662831230792,8.07
2022-05-17,8.26,8.07,8.35,5.95,0.5251485050735237,8.26
2022-05-18,8.53,8.26,8.06,6.29,0.6068066295899297,8.53
2022-05-19,8.21,8.53,6.78,6.05,0.4510252870115102,8.21
2022-05-20,7.97,8.21,7.53,6.38,0.41295105209767596,7.97
2022-05-23,8.16,7.97,7.25,6.35,0.24412135935891555,8.16
2022-05-24,8.87,8.16,7.75,6.59,0.3078883532958741,8.87
2022-05-25,9.44,8.87,8.07,6.68,0.5097525076423128,9.44
2022-05-26,9.19,9.44,8.26,6.94,0.5582668759311373,9.19
2022-05-27,8.3,9.19,8.53,7.075,0.5713559477660367,8.3
2022-05-30,8.42,8.3,8.21,7.48,0.5532157075206977,8.42
2022-05-31,8.46,8.42,7.97,7.44,0.48368131972159756,8.46
2022-06-01,8.47,8.46,8.16,7.12,0.4390465860952708,8.47
2022-06-02,8.9,8.47,8.87,6.88,0.440719109335346,8.9
2022-06-03,8.34,8.9,9.44,6.59,0.3323007817081039,8.34
2022-06-06,9.08,8.34,9.19,6.42,0.2998174047490966,9.08
2022-06-07,9.28,9.08,8.3,6.89,0.3739302201264521,9.28
2022-06-08,9.43,9.28,8.42,6.91,0.43460436304869227,9.43
2022-06-09,8.16,9.43,8.46,6.97,0.49079624324250865,8.16
2022-06-10,8.78,8.16,8.47,6.84,0.4686403840086947,8.78
2022-06-13,9.0,8.78,8.9,7.3,0.47183027618394385,9.0
2022-06-14,7.68,9.0,8.34,7.84,0.6331064756609407,7.68
2022-06-15,7.72,7.68,9.08,8.3,0.7251305301215047,7.72
2022-06-16,7.88,7.72,9.28,8.42,0.6917231761195822,7.88
2022-06-17,7.37,7.88,9.43,8.35,0.6022695172666335,7.37
2022-06-20,6.7924999999999995,7.37,8.16,8.06,0.7715998762620639,6.7924999999999995
2022-06-21,6.6,6.7924999999999995,8.78,6.78,0.7916872804333889,6.6
2022-06-22,6.76,6.6,9.0,7.53,0.5305048695975222,6.76
2022-06-23,6.54,6.76,7.68,7.25,0.5536628572731135,6.54
2022-06-24,5.8,6.54,7.72,7.75,0.6579837076431528,5.8
2022-06-27,6.09,5.8,7.88,8.07,0.5083478725477586,6.09
2022-06-28,6.66,6.09,7.37,8.26,0.37393937311003816,6.66
2022-06-29,6.69,6.66,6.7924999999999995,8.53,0.36066737082937816,6.69
2022-06-30,6.54,6.69,6.6,8.21,0.35716476123309054,6.54
2022-07-01,5.75,6.54,6.76,7.97,0.406892989325117,5.75
2022-07-04,5.7275,5.75,6.54,8.16,0.4401241031692107,5.7275
2022-07-05,5.72,5.7275,5.8,8.87,0.4524901340676914,5.72
2022-07-06,5.65,5.72,6.09,9.44,0.4938379216475473,5.65
2022-07-07,5.83,5.65,6.66,9.19,0.43455608164570075,5.83
2022-07-08,6.4,5.83,6.69,8.3,0.3645214573343657,6.4
2022-07-11,6.82,6.4,6.54,8.42,0.4467391776609363,6.82
2022-07-12,6.81,6.82,5.75,8.46,0.5262420115896589,6.81
2022-07-13,6.68,6.81,5.7275,8.47,0.5259186973197486,6.68
2022-07-14,6.9,6.68,5.72,8.9,0.507983876759532,6.9
2022-07-15,6.6,6.9,5.65,8.34,0.36926568058400294,6.6
2022-07-18,7.65,6.6,5.83,9.08,0.3953359029869406,7.65
2022-07-19,7.35,7.65,6.4,9.28,0.38313245254154527,7.35
2022-07-20,7.58,7.35,6.82,9.43,0.4365557838134498,7.58
2022-07-21,7.99,7.58,6.81,8.16,0.531726746866618,7.99
2022-07-22,8.25,7.99,6.68,8.78,0.5801395562810107,8.25
2022-07-25,8.52,8.25,6.9,9.0,0.6335312973815325,8.52
2022-07-26,9.46,8.52,6.6,7.68,0.7181656527305719,9.46
2022-07-27,8.65,9.46,7.65,7.72,0.709828953239558,8.65
2022-07-28,8.75,8.65,7.35,7.88,0.6004363492692909,8.75
2022-07-29,8.33,8.75,7.58,7.37,0.47073903396177247,8.33
2022-08-01,8.2,8.33,7.99,6.7924999999999995,0.43323808477009845,8.2
2022-08-02,8.01,8.2,8.25,6.6,0.4727226106996484,8.01
2022-08-03,7.81,8.01,8.52,6.76,0.5522206253370504,7.81
2022-08-04,8.4,7.81,9.46,6.54,0.33410149584195487,8.4
2022-08-05,8.3,8.4,8.65,5.8,0.2985361109209928,8.3
2022-08-08,7.76,8.3,8.75,6.09,0.25786670606198675,7.76
2022-08-09,7.87,7.76,8.33,6.66,0.2527185522803721,7.87
2022-08-10,7.86,7.87,8.2,6.69,0.2517557395194251,7.86
2022-08-11,8.53,7.86,8.01,6.54,0.32170675792600095,8.53
2022-08-12,8.73,8.53,7.81,5.75,0.3780526544329912,8.73
2022-08-15,8.62,8.73,8.4,5.7275,0.404945616572119,8.62
2022-08-16,9.28,8.62,8.3,5.72,0.5667871020477098,9.28
2022-08-17,9.51,9.28,7.76,5.65,0.6308044750271742,9.51
2022-08-18,9.42,9.51,7.87,5.83,0.5909314681077869,9.42
2022-08-19,9.14,9.42,7.86,6.4,0.4010699974532729,9.14
2022-08-22,9.85,9.14,8.53,6.82,0.43418231851874345,9.85
2022-08-23,9.75,9.85,8.73,6.81,0.41237985263245996,9.75
2022-08-24,9.27,9.75,8.62,6.68,0.2617887188810091,9.27
2022-08-25,9.47,9.27,9.28,6.9,0.24958060058927437,9.47
2022-08-26,9.48,9.47,9.51,6.6,0.24938018403735066,9.48
2022-08-29,9.24,9.48,9.42,7.65,0.26568868284234987,9.24
2022-08-30,9.1,9.24,9.14,7.35,0.27394820504548983,9.1
2022-08-31,8.93,9.1,9.85,7.58,0.27153882472559915,8.93
2022-09-01,9.38,8.93,9.75,7.99,0.20064182728725583,9.38
2022-09-02,9.18,9.38,9.27,8.25,0.20329429758012776,9.18
2022-09-05,8.684999999999999,9.18,9.47,8.52,0.2700286580911406,8.684999999999999
2022-09-06,8.52,8.684999999999999,9.48,9.46,0.3105774192264449,8.52
2022-09-07,8.12,8.52,9.24,8.65,0.4335031718454035,8.12
2022-09-08,8.27,8.12,9.1,8.75,0.4645312537540514,8.27
2022-09-09,8.31,8.27,8.93,8.33,0.4781549360376486,8.31
2022-09-12,8.2,8.31,9.38,8.2,0.3682891591697058,8.2
2022-09-13,8.49,8.2,9.18,8.01,0.20046671734212762,8.49
2022-09-14,8.7,8.49,8.684999999999999,7.81,0.20442719043830737,8.7
2022-09-15,8.6,8.7,8.52,8.4,0.21593649860224026,8.6
2022-09-16,8.11,8.6,8.12,8.3,0.21799956312762053,8.11
2022-09-19,7.96,8.11,8.27,7.76,0.27002645373057294,7.96
2022-09-20,8.01,7.96,8.31,7.87,0.29770551124995104,8.01
2022-09-21,7.99,8.01,8.2,7.86,0.3187923641315685,7.99
2022-09-22,7.76,7.99,8.49,8.53,0.35097144097629207,7.76
2022-09-23,6.75,7.76,8.7,8.73,0.5624267148027647,6.75
2022-09-26,6.75,6.75,8.6,8.62,0.6025066686056719,6.75
2022-09-27,6.83,6.75,8.11,9.28,0.6224108274245045,6.83
2022-09-28,6.59,6.83,7.96,9.51,0.6450581369148188,6.59
2022-09-29,6.57,6.59,8.01,9.42,0.5854302447163005,6.57
2022-09-30,6.4,6.57,7.99,9.14,0.4442489649477616,6.4
2022-10-03,5.64,6.4,7.76,9.85,0.40750693829911416,5.64
2022-10-04,5.4,5.64,6.75,9.75,0.5620032197840427,5.4
2022-10-05,5.84,5.4,6.75,9.27,0.5487388137486693,5.84
2022-10-06,6.91,5.84,6.83,9.47,0.5650874352910538,6.91
2022-10-07,6.25,6.91,6.59,9.48,0.53928524124862,6.25
2022-10-10,6.2125,6.25,6.57,9.24,0.5082869807125843,6.2125
2022-10-11,6.2,6.2125,6.4,9.1,0.4935762955448929,6.2
2022-10-12,6.6,6.2,5.64,8.93,0.48927393972625327,6.6
2022-10-13,6.25,6.6,5.4,9.38,0.3397508716131826,6.25
2022-10-14,6.1,6.25,5.84,9.18,0.28846009462400357,6.1
2022-10-17,6.08,6.1,6.91,8.684999999999999,0.17191758130545168,6.08
2022-10-18,6.16,6.08,6.25,8.52,0.1745461802722442,6.16
2022-10-19,5.63,6.16,6.2125,8.12,0.286580828787591,5.63
2022-10-20,5.1,5.63,6.2,8.27,0.48485147455789235,5.1
2022-10-21,4.45,5.1,6.6,8.31,0.6762008718181507,4.45
2022-10-24,4.81,4.45,6.25,8.2,0.6932257242499816,4.81
2022-10-25,5.17,4.81,6.1,8.49,0.6407733422907682,5.17
2022-10-26,5.28,5.17,6.08,8.7,0.5526731575240684,5.28
2022-10-27,5.3,5.28,6.16,8.6,0.37959878568725886,5.3
2022-10-28,5.02,5.3,5.63,8.11,0.3010774303192147,5.02
2022-10-31,5.02,5.02,5.1,7.96,0.2989824011383925,5.02
2022-11-01,4.57,5.02,4.45,8.01,0.26298651060825795,4.57
2022-11-02,4.58,4.57,4.81,7.99,0.30520094863486485,4.58
2022-11-03,4.65,4.58,5.17,7.76,0.31752765158929286,4.65
2022-11-04,4.0,4.65,5.28,6.75,0.4243370179019332,4.0
2022-11-07,4.62,4.0,5.3,6.75,0.3433518256693513,4.62
2022-11-08,4.0,4.62,5.02,6.83,0.36925278475269346,4.0
2022-11-09,3.46,4.0,5.02,6.59,0.45732659997819786,3.46
2022-11-10,4.8,3.46,4.57,6.57,0.48970836802558865,4.8
2022-11-11,4.8,4.8,4.58,6.4,0.5168724628543705,4.8
2022-11-14,6.24,4.8,4.65,5.64,0.8924124606929248,6.24
2022-11-15,5.9,6.24,4.0,5.4,0.9784925237566313,5.9
2022-11-16,5.88,5.9,4.62,5.84,1.0466363356236124,5.88
2022-11-17,6.2,5.88,4.0,6.91,1.0223316021535824,6.2
2022-11-18,6.1,6.2,3.46,6.25,0.6316569291874226,6.1
2022-11-21,6.23,6.1,4.8,6.2125,0.5106438512869341,6.23
2022-11-22,6.27,6.23,4.8,6.2,0.1641863053276793,6.27
2022-11-23,6.57,6.27,6.24,6.6,0.236703551787004,6.57
2022-11-24,6.57,6.57,5.9,6.25,0.24725155880872735,6.57
2022-11-25,6.57,6.57,5.88,6.1,0.20432234103893768,6.57
2022-11-28,6.0,6.57,6.2,6.08,0.24090108620208853,6.0
2022-11-29,6.03,6.0,6.1,6.16,0.25317977802346825,6.03
2022-11-30,7.0,6.03,6.23,5.63,0.3545419580247354,7.0
2022-12-01,6.33,7.0,6.27,5.1,0.3507339243847093,6.33
2022-12-02,4.92,6.33,6.57,4.45,0.6630664694109898,4.92
2022-12-05,4.15,4.92,6.57,4.81,0.9900120249390005,4.15
2022-12-06,4.58,4.15,6.57,5.17,1.0358525359289736,4.58
2022-12-07,4.49,4.58,6.0,5.28,1.0879907212489537,4.49
2022-12-08,4.79,4.49,6.03,5.3,1.0607858722035635,4.79
2022-12-09,4.98,4.79,7.0,5.02,0.6947764285828163,4.98
2022-12-12,6.73,4.98,6.33,5.02,0.8350933794378688,6.73
2022-12-13,7.2,6.73,4.92,4.57,1.1909220117603196,7.2
2022-12-14,6.54,7.2,4.15,4.58,1.1569911717159218,6.54
2022-12-15,6.8,6.54,4.58,4.65,1.1297155141260802,6.8
2022-12-16,6.63,6.8,4.49,4.0,0.949340623299999,6.63
2022-12-19,6.08,6.63,4.79,4.62,0.7183943737185643,6.08
2022-12-20,5.28,6.08,4.98,4.0,0.620211177553192,5.28
2022-12-21,6.13,5.28,6.73,3.46,0.6190584248141248,6.13
2022-12-22,7.1,6.13,7.2,4.8,0.5977696641923068,7.1
2022-12-23,7.15,7.1,6.54,4.8,0.6677752687273029,7.15
2022-12-26,5.4475,7.15,6.8,6.24,0.7421203133750087,5.4475
2022-12-27,4.88,5.4475,6.63,5.9,0.8787496189798057,4.88
2022-12-28,4.06,4.88,6.08,5.88,1.1435652010478587,4.06
2022-12-29,3.78,4.06,5.28,6.2,1.3600388431077677,3.78
2022-12-30,3.52,3.78,6.13,6.1,1.5101875277751529,3.52
2023-01-02,3.6100000000000003,3.52,7.1,6.23,1.316618481637898,3.6100000000000003
2023-01-03,3.64,3.6100000000000003,7.15,6.27,0.742540483103531,3.64
2023-01-04,3.75,3.64,5.4475,6.57,0.46877245977939525,3.75
2023-01-05,3.78,3.75,4.88,6.57,0.17357583768651869,3.78
2023-01-06,3.43,3.78,4.06,6.57,0.1357518744937855,3.43
2023-01-09,3.65,3.43,3.78,6.0,0.12231886511045542,3.65
2023-01-10,3.32,3.65,3.52,6.03,0.16650468318883546,3.32
2023-01-11,3.41,3.32,3.6100000000000003,7.0,0.18050194564313482,3.41
2023-01-12,3.47,3.41,3.64,6.33,0.18072604893016792,3.47
2023-01-13,3.43,3.47,3.75,4.92,0.1592093560304278,3.43
2023-01-16,3.43,3.43,3.78,4.15,0.10007140307945105,3.43
2023-01-17,3.43,3.43,3.43,4.58,0.10007140307945105,3.43
2023-01-18,3.2,3.43,3.65,4.49,0.09342682392426382,3.2
2023-01-19,2.91,3.2,3.32,4.79,0.2037856016223303,2.91
2023-01-20,3.15,2.91,3.41,4.98,0.20947780880311853,3.15
2023-01-23,3.43,3.15,3.47,6.73,0.20418245808707383,3.43
2023-01-24,3.35,3.43,3.43,7.2,0.19667473752608847,3.35
2023-01-25,3.09,3.35,3.43,6.54,0.19293472866182682,3.09
2023-01-26,2.72,3.09,3.43,6.8,0.2453859933131646,2.72
2023-01-27,2.83,2.72,3.2,6.63,0.264728072521512,2.83
2023-01-30,2.82,2.83,2.91,6.08,0.2756723382844941,2.82
2023-01-31,2.65,2.82,3.15,5.28,0.30983098311053436,2.65
2023-02-01,2.65,2.65,3.43,6.13,0.25888957013331204,2.65
2023-02-02,2.67,2.65,3.35,7.1,0.15788784446109988,2.67
2023-02-03,2.4,2.67,3.09,7.15,0.14372592966178183,2.4
2023-02-06,2.17,2.4,2.72,5.4475,0.23667337347975154,2.17
2023-02-07,2.35,2.17,2.83,4.88,0.2278157149978902,2.35
2023-02-08,2.4,2.35,2.82,4.06,0.19104973174542714,2.4
2023-02-09,2.4,2.4,2.65,3.78,0.17443787268988042,2.4
2023-02-10,2.37,2.4,2.65,3.52,0.14661254412647448,2.37
2023-02-13,2.42,2.37,2.67,3.6100000000000003,0.08629958891917287,2.42
2023-02-14,2.42,2.42,2.4,3.64,0.0882097068408663,2.42
2023-02-15,2.45,2.42,2.17,3.75,0.03338091841584255,2.45
2023-02-16,2.48,2.45,2.35,3.78,0.03605551275463344,2.48
2023-02-17,2.28,2.48,2.4,3.43,0.06447590912226285,2.28
2023-02-20,2.16,2.28,2.4,3.65,0.11231333720571637,2.16
2023-02-21,2.12,2.16,2.37,3.32,0.14636874503734928,2.12
2023-02-22,2.07,2.12,2.42,3.41,0.16957931140661484,2.07
2023-02-23,2.17,2.07,2.42,3.47,0.16204055929655847,2.17
2023-02-24,2.36,2.17,2.45,3.43,0.14604304649167646,2.36
2023-02-27,2.55,2.36,2.48,3.43,0.16661904081437798,2.55
2023-02-28,2.5,2.55,2.28,3.43,0.19311975066066353,2.5
2023-03-01,2.59,2.5,2.16,3.2,0.21708019145884452,2.59
2023-03-02,2.67,2.59,2.12,2.91,0.22478561214759915,2.67
2023-03-03,2.66,2.67,2.07,3.15,0.17962924780409928,2.66
2023-03-06,2.46,2.66,2.17,3.43,0.11126972805283757,2.46
2023-03-07,2.52,2.46,2.36,3.35,0.07976154939508712,2.52
2023-03-08,2.5,2.52,2.55,3.09,0.08340948901140074,2.5
2023-03-09,2.5,2.5,2.5,2.72,0.08340948901140074,2.5
2023-03-10,2.4,2.5,2.59,2.83,0.10016652800877818,2.4
2023-03-13,2.4,2.4,2.67,2.82,0.08858678822273035,2.4
2023-03-14,2.65,2.4,2.66,2.65,0.08544003745317424,2.65
2023-03-15,2.45,2.65,2.46,2.65,0.08610624666239682,2.45
2023-03-16,2.45,2.45,2.52,2.67,0.08591246929842102,2.45
2023-03-17,2.42,2.45,2.5,2.4,0.08788520651286665,2.42
2023-03-20,2.23,2.42,2.5,2.17,0.12321100754783192,2.23
2023-03-21,1.93,2.23,2.4,2.35,0.22630573504506005,1.93
2023-03-22,2.03,1.93,2.4,2.4,0.2569324536026632,2.03
2023-03-23,2.08,2.03,2.65,2.4,0.21807600247881803,2.08
2023-03-24,2.04,2.08,2.45,2.37,0.20276657938201753,2.04
2023-03-27,2.04,2.04,2.45,2.42,0.16329931618553917,2.04
2023-03-28,2.02,2.04,2.42,2.42,0.09050124966249892,2.02
2023-03-29,1.94,2.02,2.23,2.45,0.05550632739562171,1.94
2023-03-30,1.95,1.94,1.93,2.48,0.050943479418230506,1.95
2023-03-31,2.1,1.95,2.03,2.28,0.0605136741728875,2.1
2023-04-03,2.09,2.1,2.08,2.16,0.06214422549121033,2.09
2023-04-04,2.13,2.09,2.04,2.12,0.07380798769521318,2.13
2023-04-05,2.17,2.13,2.04,2.07,0.0890157824422574,2.17
2023-04-06,2.18,2.17,2.02,2.17,0.0979795897113164,2.18
2023-04-07,2.1725000000000003,2.18,1.94,2.36,0.0804507391424684,2.1725000000000003
2023-04-10,2.15,2.1725000000000003,1.95,2.55,0.03613384510265927,2.15
2023-04-11,2.19,2.15,2.1,2.5,0.03477392975311358,2.19
2023-04-12,2.22,2.19,2.09,2.59,0.028676147380180445,2.22
2023-04-13,2.04,2.22,2.13,2.67,0.05723541610874493,2.04
2023-04-14,1.87,2.04,2.17,2.66,0.12316147936752811,1.87
2023-04-17,2.21,1.87,2.18,2.46,0.12618368130851745,2.21
2023-04-18,2.23,2.21,2.1725000000000003,2.52,0.13178264933846479,2.23
2023-04-19,2.2,2.23,2.15,2.5,0.1343768687577628,2.2
2023-04-20,2.19,2.2,2.19,2.5,0.1343768687577628,2.19
2023-04-21,2.2,2.19,2.22,2.4,0.13252133700617008,2.2
2023-04-24,2.19,2.2,2.04,2.4,0.12673557023149828,2.19
2023-04-25,2.21,2.19,1.87,2.65,0.013972762620065254,2.21
2023-04-26,2.19,2.21,2.21,2.45,0.014638501094179449,2.19
2023-04-27,2.17,2.19,2.23,2.45,0.012535663410501146,2.17
2023-04-28,2.27,2.17,2.2,2.42,0.0319970236710871,2.27
2023-05-01,2.24,2.27,2.19,2.23,0.03415650255317861,2.24
2023-05-02,2.12,2.24,2.2,1.93,0.04845223470199903,2.12
2023-05-03,2.01,2.12,2.19,2.03,0.08654753717162944,2.01
2023-05-04,1.96,2.01,2.21,2.08,0.11542880716618224,1.96
2023-05-05,1.85,1.96,2.19,2.04,0.15442674330444484,1.85
2023-05-08,2.12,1.85,2.17,2.04,0.15115428888264087,2.12
2023-05-09,2.22,2.12,2.27,2.02,0.1416400535226619,2.22
2023-05-10,2.12,2.22,2.24,1.94,0.12446074156324892,2.12
2023-05-11,2.07,2.12,2.12,1.95,0.1216552506059545,2.07
2023-05-12,1.98,2.07,2.01,2.1,0.12380860805521156,1.98
2023-05-15,2.25,1.98,1.96,2.09,0.1380476108345982,2.25
2023-05-16,2.28,2.25,1.85,2.13,0.10714920616108452,2.28
2023-05-17,2.25,2.28,2.12,2.17,0.11250396818397643,2.25
2023-05-18,2.3,2.25,2.22,2.18,0.12239670085811445,2.3
2023-05-19,2.37,2.3,2.12,2.1725000000000003,0.1379440880522613,2.37
2023-05-22,2.3,2.37,2.07,2.15,0.12459458063578964,2.3
2023-05-23,2.22,2.3,1.98,2.19,0.04879500364741593,2.22
2023-05-24,2.25,2.22,2.25,2.22,0.04879500364741593,2.25
2023-05-25,2.23,2.25,2.28,2.04,0.052553827281214,2.23
2023-05-26,1.88,2.23,2.25,1.87,0.15910463762657695,1.88
2023-05-29,2.0524999999999998,1.88,2.3,2.21,0.16608141291030795,2.0524999999999998
2023-05-30,2.11,2.0524999999999998,2.37,2.23,0.1459441755636404,2.11
2023-05-31,2.1,2.11,2.3,2.2,0.13016358754969726,2.1
2023-06-01,1.77,2.1,2.22,2.19,0.17585420774309093,1.77
2023-06-02,1.74,1.77,2.25,2.2,0.18738726769776934,1.74
2023-06-05,1.92,1.74,2.23,2.19,0.15277882395023257,1.92
2023-06-06,1.95,1.92,1.88,2.21,0.15055354212909178,1.95
2023-06-07,2.13,1.95,2.0524999999999998,2.19,0.16186414056237788,2.13
2023-06-08,2.1,2.13,2.11,2.17,0.160356745147446,2.1
2023-06-09,1.85,2.1,2.1,2.27,0.15118578920368106,1.85
2023-06-12,1.9,1.85,1.77,2.24,0.1365562852732022,1.9
2023-06-13,2.0,1.9,1.74,2.12,0.10415190371575743,2.0
2023-06-14,2.05,2.0,1.92,2.01,0.10355582805331134,2.05
2023-06-15,2.18,2.05,1.95,1.96,0.12110601416388998,2.18
2023-06-16,2.13,2.18,2.13,1.85,0.12110601416388998,2.13
2023-06-19,2.3175,2.13,2.1,2.12,0.16278729182878562,2.3175
2023-06-20,2.38,2.3175,1.85,2.22,0.17128627526814982,2.38
2023-06-21,2.24,2.38,1.9,2.12,0.13790416789861037,2.24
2023-06-22,2.27,2.24,2.0,2.07,0.11291458001937225,2.27
2023-06-23,2.22,2.27,2.05,1.98,0.08379929253024994,2.22
2023-06-26,2.62,2.22,2.18,2.25,0.15708183338932527,2.62
2023-06-27,2.68,2.62,2.13,2.28,0.1862593877467908,2.68
2023-06-28,2.71,2.68,2.3175,2.25,0.21739803302216174,2.71
2023-06-29,2.4,2.71,2.38,2.3,0.2165200969447237,2.4
2023-06-30,2.48,2.4,2.24,2.37,0.19601992124222975,2.48
2023-07-03,2.48,2.48,2.27,2.3,0.17269571368105854,2.48
2023-07-04,2.565,2.48,2.22,2.22,0.11466825857145703,2.565
2023-07-05,2.65,2.565,2.62,2.25,0.11771130948618916,2.65
2023-07-06,2.5,2.65,2.68,2.23,0.10802887621020107,2.5
2023-07-07,2.49,2.5,2.71,1.88,0.0785508631094448,2.49
2023-07-10,2.55,2.49,2.4,2.0524999999999998,0.06261180475947715,2.55
2023-07-11,2.57,2.55,2.48,2.11,0.05963180678927366,2.57
2023-07-12,2.55,2.57,2.48,2.1,0.05265566491480287,2.55
2023-07-13,2.5,2.55,2.565,1.77,0.05593363414415623,2.5
2023-07-14,2.5,2.5,2.65,1.74,0.03251373336212879,2.5
2023-07-17,2.46,2.5,2.5,1.92,0.03988077469755197,2.46
2023-07-18,2.52,2.46,2.49,1.95,0.03804758924846342,2.52
2023-07-19,2.51,2.52,2.55,2.13,0.03598941643370732,2.51
2023-07-20,2.61,2.51,2.57,2.1,0.047409060817736,2.61
2023-07-21,2.61,2.61,2.55,1.85,0.057735026918969486,2.61
2023-07-24,2.68,2.61,2.5,1.9,0.07849780100044675,2.68
2023-07-25,2.66,2.68,2.5,2.0,0.08275034167675786,2.66
2023-07-26,2.6,2.66,2.46,2.05,0.06414269805899149,2.6
2023-07-27,2.47,2.6,2.52,2.18,0.07603257447274535,2.47
2023-07-28,2.53,2.47,2.51,2.13,0.07276838664721995,2.53
2023-07-31,2.58,2.53,2.61,2.3175,0.07257180352359895,2.58
2023-08-01,2.49,2.58,2.61,2.38,0.08077010290825808,2.49
2023-08-02,2.43,2.49,2.68,2.24,0.0807701029082567,2.43
2023-08-03,2.44,2.43,2.66,2.27,0.06654751256487432,2.44
2023-08-04,2.53,2.44,2.6,2.22,0.05411627692822234,2.53
2023-08-07,2.65,2.53,2.47,2.62,0.07755182598937595,2.65
2023-08-08,2.77,2.65,2.53,2.68,0.12218253323848018,2.77
2023-08-09,2.92,2.77,2.58,2.71,0.18491954492491913,2.92
2023-08-10,2.83,2.92,2.49,2.4,0.19431197301541714,2.83
2023-08-11,2.61,2.83,2.43,2.48,0.1703358027963798,2.61
2023-08-14,2.74,2.61,2.44,2.48,0.1342173078044981,2.74
2023-08-15,2.65,2.74,2.53,2.565,0.11141941354309605,2.65
2023-08-16,2.55,2.65,2.65,2.65,0.1295964432198653,2.55
2023-08-17,2.56,2.55,2.77,2.5,0.1410504806629159,2.56
2023-08-18,2.44,2.56,2.92,2.49,0.12921005415693965,2.44
2023-08-21,2.6,2.44,2.83,2.55,0.09268482179125775,2.6
2023-08-22,2.58,2.6,2.61,2.57,0.09245333443213417,2.58
2023-08-23,2.6,2.58,2.74,2.55,0.06542898731413535,2.6
2023-08-24,2.42,2.6,2.65,2.5,0.0748013241543147,2.42
2023-08-25,2.46,2.42,2.55,2.5,0.07952238379104486,2.46
2023-08-28,2.6,2.46,2.56,2.46,0.08395009855634349,2.6
2023-08-29,2.5,2.6,2.44,2.52,0.07609517849691241,2.5
2023-08-30,2.48,2.5,2.6,2.51,0.07302967433402684,2.48
2023-08-31,2.56,2.48,2.58,2.61,0.0706433025167769,2.56
2023-09-01,2.7,2.56,2.6,2.61,0.0958172864411903,2.7
2023-09-04,2.625,2.7,2.42,2.68,0.08700711519892458,2.625
2023-09-05,2.6,2.625,2.46,2.66,0.07530098336169987,2.6
2023-09-06,2.49,2.6,2.6,2.6,0.08180260794539203,2.49
2023-09-07,2.45,2.49,2.5,2.47,0.09017839462500803,2.45
2023-09-08,2.53,2.45,2.48,2.53,0.08480369488806197,2.53
2023-09-11,2.5,2.53,2.56,2.58,0.08835130095789873,2.5
2023-09-12,2.72,2.5,2.7,2.49,0.09391612265867308,2.72
2023-09-13,2.76,2.72,2.625,2.43,0.11992060865820049,2.76
2023-09-14,2.81,2.76,2.6,2.44,0.14893271091655252,2.81
2023-09-15,2.74,2.81,2.49,2.53,0.14570027943889682,2.74
2023-09-18,2.54,2.74,2.45,2.65,0.12867456181057746,2.54
2023-09-19,2.46,2.54,2.53,2.77,0.14221044098029764,2.46
2023-09-20,2.78,2.46,2.5,2.92,0.13300554947248472,2.78
2023-09-21,2.7,2.78,2.72,2.83,0.13239551136112132,2.7
2023-09-22,2.63,2.7,2.76,2.61,0.12908100077821696,2.63
2023-09-25,2.63,2.63,2.81,2.74,0.11239810200058763,2.63
2023-09-26,2.55,2.63,2.74,2.65,0.10703804397102877,2.55
2023-09-27,2.72,2.55,2.54,2.55,0.10823255385643864,2.72
2023-09-28,2.74,2.72,2.46,2.56,0.07904188160475722,2.74
2023-09-29,2.68,2.74,2.78,2.44,0.06553806600167139,2.68
2023-10-02,2.7,2.68,2.7,2.6,0.06553806600167139,2.7
2023-10-03,2.71,2.7,2.63,2.58,0.06553806600167185,2.71
2023-10-04,2.92,2.71,2.63,2.6,0.10904346009953002,2.92
2023-10-05,2.92,2.92,2.55,2.42,0.1040832999733156,2.92
2023-10-06,3.3,2.92,2.72,2.46,0.2218643944480768,3.3
2023-10-09,3.3299999999999996,3.3,2.74,2.6,0.27705079472390176,3.3299999999999996
2023-10-10,3.34,3.3299999999999996,2.68,2.5,0.2870788841316773,3.34
2023-10-11,3.19,3.34,2.7,2.48,0.25016185236953314,3.19
2023-10-12,3.16,3.19,2.71,2.56,0.18109455567532176,3.16
2023-10-13,3.11,3.16,2.92,2.7,0.14963447527385018,3.11
2023-10-16,2.98,3.11,2.92,2.625,0.1320894357911464,2.98
2023-10-17,2.94,2.98,3.3,2.6,0.1553490693030934,2.94
2023-10-18,2.92,2.94,3.3299999999999996,2.49,0.1534523347741006,2.92
2023-10-19,2.84,2.92,3.34,2.45,0.13354150416007934,2.84
2023-10-20,2.6,2.84,3.19,2.53,0.18473919840838887,2.6
2023-10-23,2.65,2.6,3.16,2.5,0.18209102904082086,2.65
2023-10-24,2.85,2.65,3.11,2.72,0.14627111162235726,2.85
2023-10-25,2.86,2.85,2.98,2.76,0.1314570362550224,2.86
2023-10-26,2.87,2.86,2.94,2.81,0.12212405870379325,2.87
2023-10-27,3.24,2.87,2.92,2.74,0.20614373164188204,3.24
2023-10-30,3.17,3.24,2.84,2.54,0.23996031417914693,3.17
2023-10-31,3.34,3.17,2.6,2.46,0.2528315833194357,3.34
2023-11-01,3.19,3.34,2.65,2.78,0.20759392595941212,3.19
2023-11-02,3.12,3.19,2.85,2.7,0.1825481019452506,3.12
2023-11-03,3.0,3.12,2.86,2.63,0.15596092306668924,3.0
2023-11-06,2.71,3.0,2.87,2.63,0.20493901531920192,2.71
2023-11-07,2.0,2.71,3.24,2.55,0.45598663305387815,2.0
2023-11-08,2.18,2.0,3.17,2.72,0.5193081478091344,2.18
2023-11-09,2.71,2.18,3.34,2.74,0.4595442877252997,2.71
2023-11-10,2.71,2.71,3.19,2.68,0.40733746393354203,2.71
2023-11-13,2.61,2.71,3.12,2.7,0.34679484809706473,2.61
2023-11-14,2.69,2.61,3.0,2.71,0.29753751264096195,2.69
2023-11-15,2.88,2.69,2.71,2.92,0.32197308376115236,2.88
2023-11-16,2.91,2.88,2.0,2.92,0.24117766618546405,2.91
2023-11-17,2.62,2.91,2.18,3.3,0.11814035236592055,2.62
2023-11-20,2.49,2.62,2.71,3.3299999999999996,0.15015864626327644,2.49
2023-11-21,2.63,2.49,2.71,3.34,0.15242484486898444,2.63
2023-11-22,2.72,2.63,2.61,3.19,0.14842025275740572,2.72
2023-11-23,2.72,2.72,2.69,3.16,0.148323969741916,2.72
2023-11-24,2.72,2.72,2.88,3.11,0.12880402241574918,2.72
2023-11-27,2.74,2.72,2.91,2.98,0.08994707438531073,2.74
2023-11-28,2.78,2.74,2.62,2.94,0.0972723226920452,2.78
2023-11-29,2.7,2.78,2.49,2.92,0.04540820148283373,2.7
2023-11-30,2.75,2.7,2.63,2.84,0.026276913640631144,2.75
2023-12-01,2.63,2.75,2.72,2.6,0.04725815626253558,2.63
2023-12-04,2.55,2.63,2.72,2.65,0.07976154939509067,2.55
2023-12-05,2.72,2.55,2.72,2.85,0.07976154939509067,2.72
2023-12-06,2.76,2.72,2.74,2.86,0.08194074514114727,2.76
2023-12-07,2.52,2.76,2.78,2.87,0.09651054716602857,2.52
2023-12-08,2.57,2.52,2.7,3.24,0.10028530728448336,2.57
2023-12-11,2.39,2.57,2.75,3.17,0.12535663410560205,2.39
2023-12-12,2.37,2.39,2.63,3.34,0.14842025275740267,2.37
2023-12-13,2.33,2.37,2.55,3.19,0.17104719482395075,2.33
2023-12-14,2.39,2.33,2.72,3.12,0.1520808055889069,2.39
2023-12-15,2.44,2.39,2.76,3.0,0.0862167810425129,2.44
2023-12-18,2.59,2.44,2.52,2.71,0.10115993936995346,2.59
2023-12-19,2.44,2.59,2.57,2.0,0.0837513326119946,2.44
2023-12-20,2.48,2.44,2.39,2.18,0.08502100580780456,2.48
2023-12-21,2.48,2.48,2.37,2.71,0.0812403840463559,2.48
2023-12-22,2.54,2.48,2.33,2.71,0.06708203932499054,2.54
2023-12-25,2.5100000000000002,2.54,2.39,2.61,0.054379618030495076,2.5100000000000002
2023-12-26,2.5,2.5100000000000002,2.44,2.69,0.04825527358301023,2.5
2023-12-27,2.63,2.5,2.59,2.88,0.060670852812138305,2.63
2023-12-28,2.55,2.63,2.44,2.91,0.05282495802625925,2.55
2023-12-29,2.58,2.55,2.48,2.62,0.0514550196542475,2.58
2024-01-01,2.565,2.58,2.48,2.49,0.044037321833709835,2.565
2024-01-02,2.56,2.565,2.54,2.63,0.04365721453497028,2.56
2024-01-03,2.57,2.56,2.5100000000000002,2.72,0.03862210075418949,2.57
2024-01-04,2.83,2.57,2.5,2.72,0.09949276116286013,2.83
2024-01-05,2.75,2.83,2.63,2.72,0.11256215214377618,2.75
2024-01-08,2.72,2.75,2.55,2.74,0.11093219722403892,2.72
2024-01-09,3.25,2.72,2.58,2.78,0.2449562643178834,3.25
2024-01-10,3.25,3.25,2.565,2.7,0.29147408608167014,3.25
2024-01-11,3.15,3.25,2.56,2.75,0.2796681707207458,3.15
2024-01-12,13.2,3.15,2.57,2.63,3.8652253060677686,13.2
2024-01-15,5.7375,13.2,2.83,2.55,3.818058087499956,5.7375
2024-01-16,3.25,5.7375,2.75,2.72,3.776337156747075,3.25
2024-01-17,2.86,3.25,2.72,2.76,3.7629871540344886,2.86
2024-01-18,2.88,2.86,3.25,2.52,3.7934328827217034,2.88
2024-01-19,2.7,2.88,3.25,2.57,3.8388237208191547,2.7
2024-01-22,2.35,2.7,3.15,2.39,3.9082934940603296,2.35
2024-01-23,2.15,2.35,13.2,2.37,1.204333321800906,2.15
2024-01-24,2.45,2.15,5.7375,2.33,0.3737964814224603,2.45
2024-01-25,2.56,2.45,3.25,2.39,0.2696205446460632,2.56
2024-01-26,2.36,2.56,2.86,2.44,0.2431538803387904,2.36
2024-01-29,2.41,2.36,2.88,2.59,0.17328753973835595,2.41
2024-01-30,2.26,2.41,2.7,2.44,0.13212548148310874,2.26
2024-01-31,2.19,2.26,2.35,2.48,0.14764823060233506,2.19
2024-02-01,2.15,2.19,2.15,2.48,0.14764823060233506,2.15
2024-02-02,2.01,2.15,2.45,2.54,0.1825481019452391,2.01
2024-02-05,2.12,2.01,2.56,2.5100000000000002,0.13962534904249127,2.12
2024-02-06,2.1,2.12,2.36,2.5,0.12854497082269958,2.1
2024-02-07,1.94,2.1,2.41,2.63,0.10770329614268383,1.94
2024-02-08,1.74,1.94,2.26,2.55,0.15565529682143664,1.74
2024-02-09,1.74,1.74,2.19,2.58,0.17324631515355052,1.74
2024-02-12,1.76,1.74,2.15,2.565,0.16890403023187056,1.76
2024-02-13,1.61,1.76,2.01,2.56,0.19701341506172232,1.61
2024-02-14,1.51,1.61,2.12,2.57,0.19701341506172054,1.51
2024-02-15,1.53,1.51,2.1,2.83,0.15099668870539978,1.53
2024-02-16,1.55,1.53,1.94,2.75,0.10967484410094415,1.55
2024-02-19,1.5125,1.55,1.74,2.72,0.10679726008610659,1.5125
2024-02-20,1.5,1.5125,1.74,3.25,0.09261254414671811,1.5
2024-02-21,1.58,1.5,1.76,3.25,0.04068973779589942,1.58
2024-02-22,1.62,1.58,1.61,3.15,0.04355825327725763,1.62
2024-02-23,1.52,1.62,1.51,13.2,0.042436927988924525,1.52
2024-02-26,1.65,1.52,1.53,5.7375,0.0572042081368658,1.65
2024-02-27,1.52,1.65,1.55,3.25,0.05931905258847618,1.52
2024-02-28,1.61,1.52,1.5125,2.86,0.0584318895320032,1.61
2024-02-29,1.67,1.61,1.5,2.88,0.05912053869200443,1.67
2024-03-01,1.47,1.67,1.58,2.7,0.07615773105860346,1.47
2024-03-04,1.48,1.47,1.62,2.35,0.08205689083390708,1.48
2024-03-05,1.51,1.48,1.52,2.15,0.08295150620059155,1.51
2024-03-06,1.67,1.51,1.65,2.45,0.08687703406317154,1.67
2024-03-07,1.56,1.67,1.52,2.56,0.08499299691035721,1.56
2024-03-08,1.54,1.56,1.61,2.36,0.08320943169980137,1.54
2024-03-11,1.54,1.54,1.67,2.41,0.06669047194025016,1.54
2024-03-12,1.57,1.54,1.47,2.26,0.05992058236090954,1.57
2024-03-13,1.25,1.57,1.48,2.19,0.12935738607952554,1.25
2024-03-14,1.26,1.25,1.51,2.15,0.16277357922965235,1.26
2024-03-15,1.38,1.26,1.67,2.01,0.14337762327900527,1.38
2024-03-18,1.54,1.38,1.56,2.12,0.1408308678284942,1.54
2024-03-19,1.55,1.54,1.54,2.1,0.142059678941443,1.55
2024-03-20,1.58,1.55,1.54,1.94,0.14738999126061125,1.58
2024-03-21,1.55,1.58,1.57,1.74,0.14478226673836225,1.55
2024-03-22,1.5,1.55,1.25,1.74,0.11704699910716986,1.5
2024-03-25,1.46,1.5,1.26,1.76,0.06890296835124828,1.46
2024-03-26,1.48,1.46,1.38,1.61,0.043479606604365575,1.48
2024-03-27,1.43,1.48,1.54,1.51,0.054685246552157424,1.43
2024-03-28,1.54,1.43,1.55,1.53,0.053496773378389866,1.54
2024-03-29,1.565,1.54,1.58,1.55,0.05022568115628764,1.565
2024-04-01,1.64,1.565,1.55,1.5125,0.07122232127369327,1.64
2024-04-02,1.65,1.64,1.5,1.5,0.08640298716173252,1.65
2024-04-03,1.86,1.65,1.46,1.58,0.1412149661567835,1.86
2024-04-04,1.78,1.86,1.48,1.62,0.14594111663203327,1.78
2024-04-05,1.58,1.78,1.43,1.52,0.11882860806739046,1.58
2024-04-08,1.73,1.58,1.54,1.65,0.10827104436373877,1.73
2024-04-09,1.83,1.73,1.565,1.52,0.10501700542563291,1.83
2024-04-10,1.9,1.83,1.64,1.61,0.11567606658660508,1.9
2024-04-11,1.62,1.9,1.65,1.67,0.1209289441110183,1.62
2024-04-12,1.36,1.62,1.86,1.47,0.18219560394047304,1.36
2024-04-15,1.41,1.36,1.78,1.48,0.20279006268504546,1.41
2024-04-16,1.38,1.41,1.58,1.51,0.22441458232900033,1.38
2024-04-17,1.5,1.38,1.73,1.67,0.21972927065128797,1.5
2024-04-18,1.59,1.5,1.83,1.56,0.18927178744811332,1.59
2024-04-19,1.43,1.59,1.9,1.54,0.10263202878890676,1.43
2024-04-22,1.64,1.43,1.62,1.54,0.10765907388822299,1.64
2024-04-23,1.59,1.64,1.36,1.57,0.10244626930851145,1.59
2024-04-24,1.6,1.59,1.41,1.25,0.0979309766645385,1.6
2024-04-25,1.46,1.6,1.38,1.26,0.0801783725736917,1.46
2024-04-26,1.4,1.46,1.5,1.38,0.09660917830789945,1.4
2024-04-29,1.55,1.4,1.59,1.54,0.0936050466689638,1.55
2024-04-30,1.68,1.55,1.43,1.55,0.09916316520426198,1.68
2024-05-01,1.63,1.68,1.64,1.58,0.09788233947422174,1.63
2024-05-02,1.66,1.63,1.59,1.55,0.10494896719015487,1.66
2024-05-03,1.67,1.66,1.6,1.5,0.11156889820919458,1.67
2024-05-06,1.88,1.67,1.46,1.46,0.14507797574964337,1.88
2024-05-07,1.95,1.88,1.4,1.48,0.14326133296812935,1.95
2024-05-08,2.01,1.95,1.55,1.43,0.15850491955710957,2.01
2024-05-09,2.03,2.01,1.68,1.54,0.17499659860639064,2.03
2024-05-10,2.14,2.03,1.63,1.565,0.18246982790378094,2.14
2024-05-13,2.11,2.14,1.66,1.64,0.15926916420533055,2.11
2024-05-14,2.14,2.11,1.67,1.65,0.09961831921794304,2.14
2024-05-15,2.12,2.14,1.88,1.86,0.07470577207251893,2.12
2024-05-16,2.32,2.12,1.95,1.78,0.10080627342533785,2.32
2024-05-17,2.44,2.32,2.01,1.58,0.14210995072561888,2.44
2024-05-20,2.52,2.44,2.03,1.73,0.17047552540439662,2.52
2024-05-21,2.52,2.52,2.14,1.83,0.18717193521822148,2.52
2024-05-22,2.51,2.52,2.11,1.9,0.17670260191579165,2.51
2024-05-23,2.64,2.51,2.14,1.62,0.17053138239325397,2.64
2024-05-24,2.22,2.64,2.12,1.36,0.14103359950904654,2.22
2024-05-27,2.2725,2.22,2.32,1.41,0.1493866428018949,2.2725
2024-05-28,2.29,2.2725,2.44,1.38,0.16073029020840446,2.29
2024-05-29,2.2,2.29,2.52,1.5,0.17404415832661674,2.2
2024-05-30,1.87,2.2,2.52,1.59,0.24511841161831632,1.87
2024-05-31,1.78,1.87,2.51,1.43,0.2858711622891881,1.78
2024-06-03,2.55,1.78,2.64,1.64,0.26293161794330755,2.55
2024-06-04,2.58,2.55,2.22,1.59,0.30622849778742506,2.58
2024-06-05,2.27,2.58,2.2725,1.6,0.30615900008546776,2.27
2024-06-06,2.3,2.27,2.29,1.46,0.30656312951976544,2.3
2024-06-07,2.46,2.3,2.2,1.4,0.31903127179157964,2.46
2024-06-10,2.61,2.46,1.87,1.55,0.2901067127143145,2.61
2024-06-11,2.71,2.61,1.78,1.68,0.16306586457771602,2.71
2024-06-12,2.8,2.71,2.55,1.63,0.19980943302009424,2.8
2024-06-13,2.79,2.8,2.58,1.66,0.22253945610567952,2.79
2024-06-14,2.74,2.79,2.27,1.67,0.18761663039294368,2.74
2024-06-17,2.5,2.74,2.3,1.88,0.13752921767496626,2.5
2024-06-18,2.43,2.5,2.46,1.95,0.1450123147480031,2.43
2024-06-19,2.41,2.43,2.61,2.01,0.17232306315534332,2.41
2024-06-20,2.39,2.41,2.71,2.03,0.1879716290649614,2.39
2024-06-21,2.44,2.39,2.8,2.14,0.16567322972532683,2.44
2024-06-24,2.58,2.44,2.79,2.11,0.12428845098246559,2.58
2024-06-25,2.61,2.58,2.74,2.14,0.08602325267043541,2.61
2024-06-26,2.45,2.61,2.5,2.12,0.0861615315776771,2.45
2024-06-27,2.55,2.45,2.43,2.32,0.0881286937760245,2.55
2024-06-28,2.42,2.55,2.41,2.44,0.08668497975016988,2.42
2024-07-01,2.21,2.42,2.39,2.52,0.13501322686527012,2.21
2024-07-02,2.06,2.21,2.44,2.52,0.20521765448978013,2.06
2024-07-03,2.02,2.06,2.58,2.51,0.23547318116426663,2.02
2024-07-04,2.02,2.02,2.61,2.64,0.22447823099462474,2.02
2024-07-05,2.02,2.02,2.45,2.22,0.21846869667888558,2.02
2024-07-08,2.1,2.02,2.55,2.2725,0.14837211905976397,2.1
2024-07-09,2.42,2.1,2.42,2.29,0.14837211905976397,2.42
2024-07-10,2.4,2.42,2.21,2.2,0.18105510868503996,2.4
2024-07-11,2.23,2.4,2.06,1.87,0.1785790474565133,2.23
2024-07-12,2.17,2.23,2.02,1.78,0.1657163382467292,2.17
2024-07-15,2.12,2.17,2.02,2.55,0.1519241665468404,2.12
2024-07-16,2.1,2.12,2.02,2.58,0.13771952173408994,2.1
2024-07-17,1.98,2.1,2.1,2.27,0.1606978827608167,1.98
2024-07-18,2.0,1.98,2.42,2.3,0.14360992139754378,2.0
2024-07-19,1.88,2.0,2.4,2.46,0.12116498001052504,1.88
2024-07-22,2.19,1.88,2.23,2.61,0.1129475225808046,2.19
2024-07-23,2.13,2.19,2.17,2.71,0.1075041527437025,2.13
2024-07-24,2.0,2.13,2.12,2.8,0.10535653752851937,2.0
2024-07-25,2.0,2.0,2.1,2.79,0.10260882724487995,2.0
2024-07-26,1.98,2.0,1.98,2.74,0.10260882724487995,1.98
2024-07-29,1.9,1.98,2.0,2.5,0.11320020191803454,1.9
2024-07-30,1.81,1.9,1.88,2.43,0.12876704695282237,1.81
2024-07-31,1.94,1.81,2.19,2.41,0.09897089519265638,1.94
2024-08-01,1.95,1.94,2.13,2.39,0.06757711644235886,1.95
2024-08-02,1.89,1.95,2.0,2.44,0.06399404734219757,1.89
2024-08-05,1.83,1.89,2.0,2.58,0.06271629240739963,1.83
2024-08-06,1.83,1.83,1.98,2.61,0.05610364558222565,1.83
2024-08-07,1.96,1.83,1.9,2.45,0.06395683067877272,1.96
2024-08-08,1.85,1.96,1.81,2.55,0.057362672448843015,1.85
2024-08-09,1.94,1.85,1.94,2.42,0.057362672448843015,1.94
2024-08-12,2.1,1.94,1.95,2.21,0.0967569365053587,2.1
2024-08-13,2.16,2.1,1.89,2.06,0.13262909254938673,2.16
2024-08-14,2.18,2.16,1.83,2.02,0.14407339399466132,2.18
2024-08-15,2.19,2.18,1.83,2.02,0.13611969522655393,2.19
2024-08-16,2.01,2.19,1.96,2.02,0.1315837593105026,2.01
2024-08-19,2.12,2.01,1.85,2.1,0.09327379053088226,2.12
2024-08-20,2.18,2.12,1.94,2.42,0.06425396041156255,2.18
2024-08-21,2.14,2.18,2.1,2.4,0.06244997998397816,2.14
2024-08-22,1.93,2.14,2.16,2.23,0.09961831921794558,1.93
2024-08-23,1.82,1.93,2.18,2.17,0.14033972386760843,1.82
2024-08-26,2.13,1.82,2.19,2.12,0.1323775265058534,2.13
2024-08-27,1.91,2.13,2.01,2.1,0.14209319544043783,1.91
2024-08-28,1.89,1.91,2.12,1.98,0.1451436070471746,1.89
2024-08-29,1.85,1.89,2.18,2.0,0.12970662868106253,1.85
2024-08-30,1.93,1.85,2.14,1.88,0.10011897684158955,1.93
2024-09-02,1.93,1.93,1.93,2.19,0.10011897684158955,1.93
2024-09-03,1.93,1.93,1.82,2.13,0.0893361762162997,1.93
2024-09-04,2.05,1.93,2.13,2.0,0.06156684327195488,2.05
2024-09-05,2.02,2.05,1.91,2.0,0.06993193970192443,2.02
2024-09-06,2.09,2.02,1.89,1.98,0.08414839499925138,2.09
2024-09-09,2.03,2.09,1.85,1.9,0.06651172470931284,2.03
2024-09-10,2.13,2.03,1.93,1.81,0.07524562952027798,2.13
2024-09-11,2.13,2.13,1.93,1.94,0.07067699834625511,2.13
2024-09-12,2.13,2.13,1.93,1.95,0.04923220007076943,2.13
2024-09-13,2.25,2.13,2.05,1.89,0.07712080813644329,2.25
2024-09-16,2.23,2.25,2.02,1.83,0.07646972634721814,2.23
2024-09-17,2.33,2.23,2.09,1.83,0.09980934205726706,2.33
2024-09-18,2.31,2.33,2.03,1.96,0.08695921320886581,2.31
2024-09-19,2.24,2.31,2.13,1.85,0.07840675383931825,2.24
2024-09-20,2.2,2.24,2.13,1.94,0.06693991620067126,2.2
2024-09-23,2.4,2.2,2.13,2.1,0.06976149845486113,2.4
2024-09-24,2.61,2.4,2.25,2.16,0.14064477374205495,2.61
2024-09-25,2.62,2.61,2.23,2.18,0.16829678999853662,2.62
2024-09-26,2.64,2.62,2.33,2.19,0.19012527198566076,2.64
2024-09-27,2.53,2.64,2.31,2.01,0.1848165113217582,2.53
2024-09-30,2.65,2.53,2.24,2.12,0.1664760815080922,2.65
2024-10-01,2.67,2.65,2.2,2.18,0.09441549509635347,2.67
2024-10-02,2.77,2.67,2.4,2.14,0.07221001117774453,2.77
2024-10-03,2.75,2.77,2.61,1.93,0.08091735937129615,2.75
2024-10-04,2.49,2.75,2.62,1.82,0.10371664696251585,2.49
2024-10-07,2.51,2.49,2.64,2.13,0.1153049786229643,2.51
2024-10-08,2.51,2.51,2.53,1.91,0.11824107738411603,2.51
2024-10-09,2.43,2.51,2.65,1.89,0.13711309200803504,2.43
2024-10-10,2.26,2.43,2.67,1.85,0.17855237993640918,2.26
2024-10-11,2.31,2.26,2.77,1.93,0.159776629794768,2.31
2024-10-14,2.355,2.31,2.75,1.93,0.10191616536108111,2.355
2024-10-15,2.37,2.355,2.49,1.93,0.09599727178664257,2.37
2024-10-16,2.21,2.37,2.51,2.05,0.10142437952438639,2.21
2024-10-17,2.19,2.21,2.51,2.02,0.0881624582666609,2.19
2024-10-18,1.82,2.19,2.43,2.09,0.18767690067672163,1.82
2024-10-21,1.76,1.82,2.26,2.03,0.25233905761891173,1.76
2024-10-22,1.76,1.76,2.31,2.13,0.27683801349216036,1.76
2024-10-23,1.9,1.76,2.355,2.13,0.2498952161359205,1.9
2024-10-24,2.04,1.9,2.37,2.13,0.19355078083516938,2.04
2024-10-25,1.93,2.04,2.21,2.25,0.15746503769166287,1.93
2024-10-28,2.03,1.93,2.19,2.23,0.1172502411409784,2.03
2024-10-29,1.82,2.03,1.82,2.33,0.1172502411409784,1.82
2024-10-30,2.03,1.82,1.76,2.31,0.11105554165971257,2.03
2024-10-31,1.82,2.03,1.76,2.24,0.09719886340702719,1.82
2024-11-01,1.42,1.82,1.9,2.2,0.22030282189144046,1.42
2024-11-04,1.35,1.42,2.04,2.4,0.27829412327179454,1.35
2024-11-05,1.62,1.35,1.93,2.61,0.2734784748210974,1.62
2024-11-06,1.8,1.62,2.03,2.62,0.24316367209879158,1.8
2024-11-07,1.49,1.8,1.82,2.64,0.24669240534953588,1.49
2024-11-08,1.21,1.49,2.03,2.53,0.22861904265975475,1.21
2024-11-11,1.21,1.21,1.82,2.65,0.21553919100047297,1.21
2024-11-12,1.92,1.21,1.42,2.67,0.2799319645233476,1.92
2024-11-13,2.06,1.92,1.35,2.77,0.33390902667528294,2.06
2024-11-14,2.11,2.06,1.62,2.75,0.38274696353496424,2.11
2024-11-15,1.65,2.11,1.8,2.49,0.3794670448078925,1.65
2024-11-18,2.08,1.65,1.49,2.51,0.39930892683186614,2.08
2024-11-19,2.1,2.08,1.21,2.51,0.3358996448771118,2.1
2024-11-20,2.32,2.1,1.21,2.43,0.20622456553129356,2.32
2024-11-21,2.84,2.32,1.92,2.26,0.35832281269162625,2.84
2024-11-22,2.41,2.84,2.06,2.31,0.3654612219674001,2.41
2024-11-25,2.78,2.41,2.11,2.355,0.41723009524835747,2.78
2024-11-26,3.19,2.78,1.65,2.37,0.41635035612765064,3.19
2024-11-27,3.39,3.19,2.08,2.21,0.47051137327481907,3.39
2024-11-28,3.39,3.39,2.1,2.19,0.43945854130260636,3.39
2024-11-29,3.39,3.39,2.32,1.82,0.38573985805882727,3.39
2024-12-02,3.05,3.39,2.84,1.76,0.3741593752603888,3.05
2024-12-03,2.94,3.05,2.41,1.76,0.2464703208250966,2.94
2024-12-04,2.75,2.94,2.78,1.9,0.25434322517119096,2.75
2024-12-05,2.95,2.75,3.19,2.04,0.2651235111989936,2.95
2024-12-06,2.83,2.95,3.39,1.93,0.25538952508631907,2.83
2024-12-09,3.05,2.83,3.39,2.03,0.20590103956814737,3.05
2024-12-10,2.9,3.05,3.39,1.82,0.10982670331895573,2.9
2024-12-11,2.9,2.9,3.05,2.03,0.09481812163548278,2.9
2024-12-12,3.12,2.9,2.94,1.82,0.12588732679513154,3.12
2024-12-13,3.15,3.12,2.75,1.42,0.12204604907674674,3.15
2024-12-16,2.87,3.15,2.95,1.35,0.12946777499405115,2.87
2024-12-17,2.85,2.87,2.83,1.62,0.12592514783453052,2.85
2024-12-18,3.01,2.85,3.05,1.8,0.12294017127973746,3.01
2024-12-19,3.15,3.01,2.9,1.49,0.13450084085418168,3.15
2024-12-20,3.1,3.15,2.9,1.21,0.12908100077823492,3.1
2024-12-23,2.89,3.1,3.12,1.21,0.13325592991363847,2.89
2024-12-24,2.95,2.89,3.15,1.92,0.11688415102959944,2.95
2024-12-25,2.955,2.95,2.87,2.06,0.10834798435730708,2.955
2024-12-26,2.96,2.955,2.85,2.11,0.09200802242457916,2.96
2024-12-27,2.91,2.96,3.01,1.65,0.09814348097122097,2.91
2024-12-30,3.39,2.91,3.15,2.08,0.17559083933152295,3.39
2024-12-31,3.4,3.39,3.1,2.1,0.22688102609078212,3.4
2025-01-01,3.525,3.4,2.89,2.32,0.2683969164538066,3.525
2025-01-02,3.65,3.525,2.95,2.84,0.3066543734596206,3.65
2025-01-03,3.4,3.65,2.955,2.41,0.2787834968129324,3.4
2025-01-06,4.05,3.4,2.96,2.78,0.3419186062988423,4.05
2025-01-07,3.8,4.05,2.91,3.19,0.24989759807533163,3.8
2025-01-08,3.75,3.8,3.39,3.39,0.2355970126741069,3.75
2025-01-09,3.94,3.75,3.4,3.39,0.22698069982985256,3.94
2025-01-10,4.13,3.94,3.525,3.39,0.24964737035230658,4.13
2025-01-13,4.4,4.13,3.65,3.05,0.3176401078189769,4.4
2025-01-14,4.32,4.4,3.4,2.94,0.24703961509965508,4.32
2025-01-15,4.45,4.32,4.05,2.75,0.28831200031185716,4.45
2025-01-16,4.3,4.45,3.8,2.95,0.2582542121539424,4.3
2025-01-17,9.86,4.3,3.75,2.83,2.1249369738552635,9.86
2025-01-20,5.765,9.86,3.94,3.05,2.0764309466463122,5.765
2025-01-21,4.4,5.765,4.13,2.9,2.0530642023686556,4.4
2025-01-22,3.91,4.4,4.4,2.9,2.098949567215542,3.91
2025-01-23,3.91,3.91,4.32,3.12,2.1358094818726614,3.91
2025-01-24,3.84,3.91,4.45,3.15,2.1847204790152435,3.84
2025-01-27,3.71,3.84,4.3,2.87,2.2333993415973867,3.71
2025-01-28,3.4,3.71,9.86,2.85,0.778485250800745,3.4
2025-01-29,3.38,3.4,5.765,3.01,0.3487938400504695,3.38
2025-01-30,3.12,3.38,4.4,3.15,0.31091263510297235,3.12
2025-01-31,2.93,3.12,3.91,3.1,0.36860095858078346,2.93
2025-02-03,3.3,2.93,3.91,2.89,0.3155267704286716,3.3
2025-02-04,3.25,3.3,3.84,2.95,0.24368207234213246,3.25
2025-02-05,3.22,3.25,3.71,2.955,0.162729691147484,3.22
2025-02-06,3.31,3.22,3.4,2.96,0.1499841261442061,3.31
2025-02-07,3.32,3.31,3.38,2.91,0.14044148078047478,3.32
2025-02-10,3.48,3.32,3.12,3.39,0.1666761902041075,3.48
2025-02-11,3.65,3.48,2.93,3.4,0.15159469773365036,3.65
2025-02-12,3.97,3.65,3.3,3.525,0.2709067666015037,3.97
2025-02-13,4.43,3.97,3.25,3.65,0.43683929702875685,4.43
2025-02-14,4.6,4.43,3.22,3.4,0.5256016960181461,4.6
2025-02-17,5.95,4.6,3.31,4.05,0.9058697478114681,5.95
2025-02-18,6.4,5.95,3.32,3.8,1.1279775411475848,6.4
2025-02-19,7.15,6.4,3.48,3.75,1.33318987323459,7.15
2025-02-20,5.62,7.15,3.65,3.94,1.1564724689453696,5.62
2025-02-21,4.43,5.62,3.97,4.13,1.0683543196809666,4.43
2025-02-24,3.86,4.43,4.43,4.4,1.1803671745125301,3.86
2025-02-25,3.88,3.86,4.6,4.32,1.2909391192166406,3.88
2025-02-26,3.9,3.88,5.95,4.45,1.3569310611677838,3.9
2025-02-27,3.91,3.9,6.4,4.3,1.2623183509113851,3.91
2025-02-28,3.91,3.91,7.15,9.86,0.6511235710384934,3.91
2025-03-03,3.8,3.91,5.62,5.765,0.21267009998724348,3.8
2025-03-04,4.39,3.8,4.43,4.4,0.1978214683328025,4.39
2025-03-05,4.4,4.39,3.86,3.91,0.25414656438852296,4.4
2025-03-06,4.39,4.4,3.88,3.91,0.27700782179091515,4.39
2025-03-07,4.39,4.39,3.9,3.84,0.2799404698622216,4.39
2025-03-10,4.23,4.39,3.91,3.71,0.25546409681581483,4.23
2025-03-11,4.57,4.23,3.91,3.4,0.24542480178936618,4.57
2025-03-12,4.18,4.57,3.8,3.38,0.12752217360883442,4.18
2025-03-13,3.89,4.18,4.39,3.12,0.21838149232591172,3.89
2025-03-14,3.89,3.89,4.4,2.93,0.25813433195402036,3.89
2025-03-17,4.15,3.89,4.39,3.3,0.24751142349782443,4.15
2025-03-18,4.17,4.15,4.39,3.25,0.2306409289247084,4.17
2025-03-19,4.21,4.17,4.23,3.22,0.22966849816122648,4.21
2025-03-20,4.23,4.21,4.57,3.31,0.1477288378205935,4.23
2025-03-21,3.93,4.23,4.18,3.32,0.15596092306671852,3.93
2025-03-24,4.03,3.93,3.89,3.48,0.1373213124651684,4.03
2025-03-25,3.94,4.03,3.89,3.65,0.1262084443632242,3.94
2025-03-26,3.85,3.94,4.15,3.97,0.1523623500550545,3.85
2025-03-27,3.88,3.85,4.17,4.43,0.1541644143980043,3.88
2025-03-28,3.89,3.88,4.21,4.6,0.13062122630689577,3.89
2025-03-31,4.11,3.89,4.23,5.95,0.0921437799880628,4.11
2025-04-01,3.96,4.11,3.93,6.4,0.09191092996826555,3.96
2025-04-02,4.04,3.96,4.03,7.15,0.0934013357710793,4.04
2025-04-03,4.21,4.04,3.94,5.62,0.13409307357565153,4.21
2025-04-04,4.04,4.21,3.85,4.43,0.11908380402458327,4.04
2025-04-07,3.97,4.04,3.88,3.86,0.10574002260717305,3.97
2025-04-08,3.85,3.97,3.89,3.88,0.1153049786230028,3.85
2025-04-09,3.42,3.85,4.11,3.9,0.2488449507701965,3.42
2025-04-10,3.7,3.42,3.96,3.91,0.26217042802983126,3.7
2025-04-11,3.44,3.7,4.04,3.91,0.300269720021709,3.44
2025-04-14,3.57,3.44,4.21,3.8,0.24924648347332667,3.57
2025-04-15,3.27,3.57,4.04,4.39,0.2507132682112206,3.27
2025-04-16,3.25,3.27,3.97,4.4,0.22090722034376203,3.25
2025-04-17,2.94,3.25,3.85,4.39,0.24684678108766034,2.94
2025-04-18,2.995,2.94,3.42,4.39,0.2822296430720499,2.995
2025-04-21,3.16,2.995,3.7,4.23,0.22579225597249167,3.16
2025-04-22,3.12,3.16,3.44,4.57,0.20842093396367253,3.12
2025-04-23,3.12,3.12,3.57,4.18,0.12178728528522989,3.12
2025-04-24,2.87,3.12,3.27,3.89,0.13407087677792842,2.87
2025-04-25,2.71,2.87,3.25,3.89,0.16227181781549269,2.71
2025-04-28,2.96,2.71,2.94,4.15,0.16146280715768482,2.96
2025-04-29,3.17,2.96,2.995,4.17,0.17520056533938472,3.17
2025-04-30,3.12,3.17,3.16,4.21,0.17029386365926943,3.12
2025-05-01,3.08,3.12,3.12,4.23,0.16661904081438753,3.08
2025-05-02,3.1,3.08,3.12,3.93,0.16446160356636677,3.1
2025-05-05,3.26,3.1,2.87,4.03,0.17801819061679766,3.26
2025-05-06,3.08,3.26,2.71,3.94,0.09183318209305516,3.08
2025-05-07,3.18,3.08,2.96,3.85,0.0659364773674048,3.18
2025-05-08,3.23,3.18,3.17,3.88,0.07371114795834258,3.23
2025-05-09,3.22,3.23,3.12,3.89,0.07656307701436948,3.22
2025-05-12,3.19,3.22,3.08,4.11,0.06708203932502126,3.19
2025-05-13,3.27,3.19,3.1,3.96,0.0639940473422497,3.27
2025-05-14,3.31,3.27,3.26,4.04,0.07335497516158314,3.31
2025-05-15,3.2,3.31,3.08,4.21,0.04670066788555274,3.2
2025-05-16,3.01,3.2,3.18,4.04,0.09519403742834312,3.01
2025-05-19,2.96,3.01,3.23,3.97,0.13100345324421145,2.96
2025-05-20,3.15,2.96,3.22,3.85,0.1288225061673677,3.15
2025-05-21,3.2,3.15,3.19,3.42,0.12932056883501922,3.2
2025-05-22,3.0,3.2,3.27,3.7,0.13031098334735744,3.0
2025-05-23,2.93,3.0,3.31,3.44,0.11559370554622289,2.93
2025-05-26,3.1325000000000003,2.93,3.2,3.57,0.10468632284342676,3.1325000000000003
2025-05-27,3.2,3.1325000000000003,3.01,3.27,0.1152778733983259,3.2
2025-05-28,3.09,3.2,2.96,3.25,0.10210726152994931,3.09
2025-05-29,2.97,3.09,3.15,2.94,0.10989036744476337,2.97
2025-05-30,2.86,2.97,3.2,2.995,0.11992929464600077,2.86
2025-06-02,3.0,2.86,3.0,3.16,0.11992929464600077,3.0
2025-06-03,2.84,3.0,2.93,3.12,0.1357288526016956,2.84
2025-06-04,2.8,2.84,3.1325000000000003,3.12,0.14489733639801244,2.8
2025-06-05,2.86,2.8,3.2,2.87,0.10467637200984203,2.86
2025-06-06,2.68,2.86,3.09,2.71,0.1065252038140185,2.68
2025-06-09,3.13,2.68,2.97,2.96,0.14473292316407663,3.13
2025-06-10,2.79,3.13,2.86,3.17,0.14882076148044115,2.79
2025-06-11,2.73,2.79,3.0,3.12,0.14488090347066082,2.73
2025-06-12,2.9,2.73,2.84,3.08,0.14713129866761157,2.9
2025-06-13,2.65,2.9,2.8,3.1,0.16411378166787793,2.65
2025-06-16,2.9,2.65,2.86,3.26,0.16641886339966616,2.9
2025-06-17,2.9,2.9,2.68,3.08,0.15467323467170596,2.9
2025-06-18,3.43,2.9,3.13,3.18,0.25311394008759464,3.43
2025-06-19,3.26,3.43,2.79,3.23,0.2799829926807643,3.26
2025-06-20,3.09,3.26,2.73,3.22,0.2616249587627689,3.09
2025-06-23,3.5,3.09,2.9,3.19,0.31009983031583166,3.5
2025-06-24,3.3,3.5,2.65,3.27,0.24101965934437894,3.3
2025-06-25,3.26,3.3,2.9,3.31,0.20235518043189335,3.26
2025-06-26,3.23,3.26,2.9,3.2,0.134766111325921,3.23
2025-06-27,3.23,3.23,3.43,3.01,0.12216304483686888,3.23
2025-06-30,3.26,3.23,3.26,2.96,0.12216304483686888,3.26
2025-07-01,3.14,3.26,3.09,3.15,0.1110341002961561,3.14
2025-07-02,3.1,3.14,3.5,3.2,0.07134757312257199,3.1
2025-07-03,3.24,3.1,3.3,3.0,0.06283008075455176,3.24
2025-07-04,3.24,3.24,3.26,2.93,0.06051367417294356,3.24
2025-07-07,3.24,3.24,3.23,3.1325000000000003,0.06129553700839316,3.24
2025-07-08,3.2,3.24,3.23,3.2,0.06047431568151254,3.2
2025-07-09,3.08,3.2,3.26,3.09,0.06969320524374577,3.08
2025-07-10,3.11,3.08,3.14,2.97,0.07319250547116704,3.11
2025-07-11,3.22,3.11,3.1,2.86,0.06708203932502503,3.22
2025-07-14,3.21,3.22,3.24,3.0,0.06425396041160086,3.21
2025-07-15,3.31,3.21,3.24,2.84,0.07807200583591004,3.31
2025-07-16,3.42,3.31,3.24,2.8,0.11567606658664105,3.42
2025-07-17,3.52,3.42,3.2,2.86,0.1603864380919247,3.52
2025-07-18,3.5,3.52,3.08,2.68,0.15723806639556356,3.5
2025-07-21,3.5,3.5,3.11,3.13,0.13499559075694448,3.5
2025-07-22,3.16,3.5,3.22,2.79,0.14830791649552927,3.16
2025-07-23,3.08,3.16,3.21,2.73,0.17756286613078184,3.08
2025-07-24,3.13,3.08,3.31,2.9,0.1972308292331758,3.13
2025-07-25,3.1,3.13,3.42,2.65,0.2095914393017447,3.1
2025-07-28,3.12,3.1,3.52,2.9,0.18803495115841498,3.12
2025-07-29,3.08,3.12,3.5,2.9,0.1495230512568099,3.08
2025-07-30,2.98,3.08,3.5,3.43,0.0573626724488915,2.98
2025-07-31,2.99,2.98,3.16,3.26,0.060118929750020964,2.99
2025-08-01,3.0,2.99,3.08,3.09,0.06499084184569072,3.0
2025-08-04,2.89,3.0,3.13,3.5,0.08138678961484493,2.89
2025-08-05,2.98,2.89,3.1,3.3,0.07480132415431777,2.98
2025-08-06,3.02,2.98,3.12,3.26,0.05669467095139278,3.02
2025-08-07,3.05,3.02,3.08,3.23,0.04956957592257341,3.05
2025-08-08,3.03,3.05,2.98,3.23,0.05191568255584362,3.03
2025-08-11,3.05,3.03,2.99,3.26,0.055891050480472236,3.05
2025-08-12,2.93,3.05,3.0,3.14,0.06237368187366521,2.93
2025-08-13,2.95,2.93,2.89,3.1,0.048452234702025775,2.95
2025-08-14,2.78,2.95,2.98,3.24,0.09741907508530785,2.78
2025-08-15,2.98,2.78,3.02,3.24,0.09534398874851391,2.98
2025-08-18,2.96,2.98,3.05,3.24,0.08810167286666636,2.96
2025-08-19,2.87,2.96,3.03,3.2,0.08591246929842199,2.87
2025-08-20,2.8,2.87,3.05,3.08,0.0801783725737227,2.8
2025-08-21,2.88,2.8,2.93,3.11,0.07883074092183097,2.88
2025-08-22,2.76,2.88,2.95,3.22,0.086492498986623,2.76
2025-08-25,2.76,2.76,2.78,3.21,0.08989411761039164,2.76
2025-08-26,2.82,2.76,2.98,3.31,0.07253898787481709,2.82
2025-08-27,2.88,2.82,2.96,3.42,0.05349677337842572,2.88
2025-08-28,2.9,2.88,2.87,3.52,0.05871642911159541,2.9
2025-08-29,2.88,2.9,2.8,3.5,0.0599999999999849,2.88
2025-09-01,2.745,2.88,2.88,3.5,0.06635941100227782,2.745
2025-09-02,2.7,2.745,2.76,3.16,0.07830799995620169,2.7
2025-09-03,3.0,2.7,2.76,3.08,0.10094199182839621,3.0
2025-09-04,3.11,3.0,2.82,3.13,0.14017421133649588,3.11
2025-09-05,3.05,3.11,2.88,3.1,0.15274862636744854,3.05
2025-09-08,3.1,3.05,2.9,3.12,0.16803840264030376,3.1
2025-09-09,3.12,3.1,2.88,3.08,0.17778732613247222,3.12
2025-09-10,2.89,3.12,2.745,2.98,0.15328156475988622,2.89
2025-09-11,2.81,2.89,2.7,2.99,0.11992060865820271,2.81
2025-09-12,2.86,2.81,3.0,3.0,0.13309502512974244,2.86
2025-09-15,3.0,2.86,3.11,2.89,0.12286267983093513,3.0
2025-09-16,3.07,3.0,3.05,2.98,0.12509044347039416,3.07
2025-09-17,3.19,3.07,3.1,3.02,0.14299517141365334,3.19
2025-09-18,3.1,3.19,3.12,3.05,0.14016996485559965,3.1
2025-09-19,2.89,3.1,2.89,3.03,0.14016996485559965,2.89
2025-09-22,2.9,2.89,2.81,3.05,0.12428845098246372,2.9
2025-09-23,2.86,2.9,2.86,2.93,0.12428845098246372,2.86
2025-09-24,2.88,2.86,3.0,2.95,0.1325213370061806,2.88
2025-09-25,2.98,2.88,3.07,2.78,0.12707328219425099,2.98
2025-09-26,2.9,2.98,3.19,2.98,0.08386497083606047,2.9
2025-09-29,2.93,2.9,3.1,2.96,0.039096949095433535,2.93
2025-09-30,3.12,2.93,2.89,2.87,0.08877472827867454,3.12
2025-10-01,3.24,3.12,2.9,2.8,0.14150551057754102,3.24
2025-10-02,3.32,3.24,2.86,2.88,0.17537714462593212,3.32
2025-10-03,3.19,3.32,2.88,2.76,0.16316804075496097,3.19
2025-10-06,3.32,3.19,2.98,2.76,0.1728059743235422,3.32
2025-10-07,3.32,3.32,2.9,2.82,0.14374249462810154,3.32
2025-10-08,3.35,3.32,2.93,2.88,0.08521681032467071,3.35
2025-10-09,3.25,3.35,3.12,2.9,0.05798193478930521,3.25
2025-10-10,2.9,3.25,3.24,2.88,0.15778224898651844,2.9
2025-10-13,2.9,2.9,3.32,2.745,0.1956916914312986,2.9
2025-10-14,2.83,2.9,3.19,2.7,0.23472374846879387,2.83
2025-10-15,2.79,2.83,3.32,3.0,0.24626737308791258,2.79
2025-10-16,2.82,2.79,3.32,3.11,0.22610574854215956,2.82
2025-10-17,2.65,2.82,3.35,3.05,0.18472630977694662,2.65
2025-10-20,2.99,2.65,3.25,3.1,0.10708252269471856,2.99
2025-10-21,3.28,2.99,2.9,3.12,0.19923663843589953,3.28
2025-10-22,3.45,3.28,2.9,2.89,0.2897535898951791,3.45
2025-10-23,3.34,3.45,2.83,2.81,0.3111728963592002,3.34
2025-10-24,3.21,3.34,2.79,2.86,0.2936470184227564,3.21
2025-10-27,3.3,3.21,2.82,3.0,0.2709770680861683,3.3
2025-10-28,3.44,3.3,2.65,3.07,0.15660079668959523,3.44
2025-10-29,3.36,3.44,2.99,3.19,0.08621678104255998,3.36
2025-10-30,3.46,3.36,3.28,3.1,0.09198861213167968,3.46
2025-10-31,3.57,3.46,3.45,2.89,0.11785786435569047,3.57
2025-11-03,3.37,3.57,3.34,2.9,0.11657819774934082,3.37
2025-11-04,3.35,3.37,3.21,2.86,0.09013217807097586,3.35
2025-11-05,3.51,3.35,3.3,2.88,0.08320943169988984,3.51
2025-11-06,3.71,3.51,3.44,2.98,0.13264704329629023,3.71
2025-11-07,3.76,3.71,3.36,2.9,0.15818915741548253,3.76
2025-11-10,3.8,3.76,3.46,2.93,0.18243067828894352,3.8
2025-11-11,3.6999999999999997,3.8,3.57,3.12,0.18761663039296902,3.6999999999999997
2025-11-12,3.6,3.6999999999999997,3.37,3.24,0.15850491955716087,3.6
2025-11-13,3.6,3.6,3.35,3.32,0.10237652260633551,3.6
2025-11-14,3.49,3.6,3.51,3.19,0.10768118728566829,3.49
2025-11-17,3.71,3.49,3.71,3.32,0.10768118728566829,3.71
2025-11-18,3.7,3.71,3.76,3.32,0.1011128553835884,3.7
2025-11-19,3.94,3.7,3.8,3.35,0.1403227572081217,3.94
2025-11-20,3.97,3.94,3.6999999999999997,3.25,0.17933740480423682,3.97
2025-11-21,4.13,3.97,3.6,2.9,0.22770072254526164,4.13
2025-11-24,4.15,4.13,3.6,2.9,0.24488092344378978,4.15
2025-11-25,4.12,4.15,3.49,2.83,0.19200694431890955,4.12
2025-11-26,4.59,4.12,3.71,2.79,0.2723268344506745,4.59
2025-11-27,4.688,4.59,3.7,2.82,0.2942490037204865,4.688
2025-11-28,4.786,4.688,3.94,2.65,0.32853295841046043,4.786
2025-12-01,5.08,4.786,3.97,2.99,0.3797287252262224,5.08
2025-12-02,4.83,5.08,4.13,3.28,0.35551920449102825,4.83
2025-12-03,4.86,4.83,4.15,3.45,0.30070013539837637,4.86
2025-12-04,4.89,4.86,4.12,3.34,0.15580084968297483,4.89
2025-12-05,5.19,4.89,4.59,3.21,0.1736652499714682,5.19
2025-12-08,5.19,5.19,4.688,3.3,0.17352754687323885,5.19
2025-12-09,4.76,5.19,4.786,3.44,0.1784590122343323,4.76
2025-12-10,4.62,4.76,5.08,3.36,0.21313979316074458,4.62
2025-12-11,4.35,4.62,4.83,3.46,0.3007609397132139,4.35
2025-12-12,4.07,4.35,4.86,3.57,0.41664761861226207,4.07
2025-12-15,3.9,4.07,4.89,3.37,0.5088455654949136,3.9
2025-12-16,3.58,3.9,5.19,3.35,0.5508089289313506,3.58
2025-12-17,3.66,3.58,5.19,3.51,0.4591970217258896,3.66
2025-12-18,3.87,3.66,4.76,3.71,0.3720087044552816,3.87
2025-12-19,3.58,3.87,4.62,3.76,0.28363289486171733,3.58
2025-12-22,3.67,3.58,4.35,3.8,0.18738806182439566,3.67
2025-12-23,3.38,3.67,4.07,3.6999999999999997,0.17932412792806054,3.38
2025-12-24,3.31,3.38,3.9,3.6,0.18774349269051788,3.31
2025-12-25,3.518,3.31,3.58,3.6,0.18912228344447798,3.518
2025-12-26,3.726,3.518,3.66,3.49,0.19589744644539145,3.726
2025-12-29,4.35,3.726,3.87,3.71,0.34325972396314486,4.35
2025-12-30,4.4,4.35,3.58,3.7,0.4420133589879694,4.4
2025-12-31,4.0,4.4,3.67,3.94,0.44777077469022625,4.0
2026-01-01,3.764,4.0,3.38,3.97,0.40775949961200036,3.764
2026-01-02,3.528,3.764,3.31,4.13,0.36413184425427536,3.528
2026-01-05,2.82,3.528,3.518,4.15,0.5390787556210348,2.82
2026-01-06,2.85,2.82,3.726,4.12,0.649105905219243,2.85
2026-01-07,3.1,2.85,4.35,4.59,0.6021037721032536,3.1
2026-01-08,2.92,3.1,4.4,4.688,0.4782939920772101,2.92
2026-01-09,2.87,2.92,4.0,4.786,0.3757169654078017,2.87
2026-01-12,2.9,2.87,3.764,5.08,0.250653621747713,2.9
2026-01-13,3.0,2.9,3.528,4.83,0.0970763077368313,3.0
2026-01-14,3.13,3.0,2.82,4.86,0.11190982764626438,3.13
2026-01-15,2.92,3.13,2.85,4.89,0.10242302568506466,2.92
2026-01-16,3.06,2.92,3.1,5.19,0.09529403119272223,3.06
2026-01-19,3.765,3.06,2.92,5.19,0.31080349020533615,3.765
2026-01-20,4.0,3.765,2.87,4.76,0.4419720417789988,4.0
2026-01-21,4.96,4.0,2.9,4.62,0.7475173194362511,4.96
2026-01-22,8.42,4.96,3.0,4.35,1.9405193831009528,8.42
2026-01-23,30.72,8.42,3.13,4.07,10.076998029458691,30.72
2026-01-26,25.01,30.72,2.92,3.9,11.485169578116613,25.01
2026-01-27,17.19,25.01,3.06,3.58,11.002695070278188,17.19
2026-01-28,9.34,17.19,3.765,3.66,10.369377765232366,9.34
2026-01-29,10.25,9.34,4.0,3.87,9.580340485051876,10.25
2026-01-30,7.18,10.25,4.96,3.58,9.217553647150389,7.18
2026-02-02,4.4,7.18,8.42,3.67,9.832825975611835,4.4
2026-02-03,4.11,4.4,30.72,3.38,7.56643779809106,4.11
2026-02-04,6.88,4.11,25.01,3.31,4.467099836849526,6.88
2026-02-05,5.28,6.88,17.19,3.518,2.373736255257499,5.28
2026-02-06,4.37,5.28,9.34,3.726,2.217549054592454,4.37
2026-02-09,3.25,4.37,10.25,4.35,1.468851186990661,3.25
2026-02-10,3.18,3.25,7.18,4.4,1.2751843937624459,3.18
2026-02-11,3.25,3.18,4.4,4.0,1.3607770889143975,3.25
2026-02-12,3.43,3.25,4.11,3.764,1.4028406555136472,3.43
2026-02-13,3.24,3.43,6.88,3.528,0.8066155040839599,3.24
2026-02-16,3.1574999999999998,3.24,5.28,2.82,0.4318078689814852,3.1574999999999998
2026-02-17,3.13,3.1574999999999998,4.37,2.85,0.0987827703313157,3.13
2026-02-18,2.98,3.13,3.25,3.1,0.13684258422430576,2.98
2026-02-19,3.09,2.98,3.18,2.92,0.1426315182561107,3.09
2026-02-20,3.15,3.09,3.25,2.87,0.13972230111408313,3.15
2026-02-23,3.13,3.15,3.43,2.9,0.07874574818480999,3.13
2026-02-24,2.99,3.13,3.24,3.0,0.07467190138991474,2.99
2026-02-25,3.02,2.99,3.1574999999999998,3.13,0.07187952884311903,3.02
2026-02-26,2.94,3.02,3.13,2.92,0.08077010290851053,2.94
2026-02-27,2.99,2.94,2.98,3.06,0.07955231881355372,2.99
2026-03-02,2.99,2.99,3.09,3.765,0.0789514618824443,2.99
2026-03-03,3.1,2.99,3.15,4.0,0.06775305299776424,3.1
2026-03-04,2.87,3.1,3.13,4.96,0.07044078904971217,2.87
2026-03-05,2.9,2.87,2.99,8.42,0.07739816658369467,2.9
2026-03-06,3.1,2.9,3.02,30.72,0.09034326074448519,3.1
2026-03-09,3.25,3.1,2.94,25.01,0.13158375931066651,3.25
2026-03-10,3.08,3.25,2.99,17.19,0.13158375931066701,3.08
2026-03-11,3.15,3.08,2.99,9.34,0.1350132268654204,3.15
2026-03-12,3.27,3.15,3.1,10.25,0.1561440116719006,3.27
2026-03-13,3.2,3.27,2.87,7.18,0.1260763185347699,3.2
2026-03-16,3.03,3.2,2.9,4.4,0.08997354108448173,3.03
2026-03-17,3.14,3.03,3.1,4.11,0.08717797887105938,3.14
2026-03-18,3.12,3.14,3.25,6.88,0.07819389819115326,3.12
2026-03-19,3.21,3.12,3.08,5.28,0.07659416862078701,3.21
2026-03-20,3.04,3.21,3.15,4.37,0.08922950611735733,3.04
2026-03-23,2.94,3.04,3.27,3.25,0.09844021632706083,2.94
2026-03-24,2.9,2.94,3.2,3.18,0.11073348527860367,2.9
2026-03-25,2.94,2.9,3.03,3.25,0.11894376422352251,2.94
2026-03-26,2.99,2.94,3.14,3.43,0.1115048578913718,2.99
2026-03-27,2.99,2.99,3.12,3.24,0.10253919111406744,2.99
2026-03-30,2.88,2.99,3.21,3.1574999999999998,0.05593363414451636,2.88
2026-03-31,2.88,2.88,3.04,3.13,0.047056197406151794,2.88
2026-04-01,2.99,2.88,2.94,2.98,0.05209880722556689,2.99
2026-04-02,2.86,2.99,2.9,3.09,0.05879747322108224,2.86
2026-04-03,2.905,2.86,2.94,3.15,0.05957188534745661,2.905
2026-04-06,3.04,2.905,2.99,3.13,0.07029698903016904,3.04
2026-04-07,3.01,3.04,2.99,2.99,0.07324941085440376,3.01
2026-04-08,2.78,3.01,2.88,3.02,0.09339496264606567,2.78
2026-04-09,2.78,2.78,2.88,2.94,0.1077198748078194,2.78
2026-04-10,2.64,2.78,2.99,2.99,0.1403100308671665,2.64
2026-04-13,2.79,2.64,2.86,2.99,0.1427243430367731,2.79
2026-04-14,2.79,2.79,2.905,3.1,0.14185841365195717,2.79
2026-04-15,2.78,2.79,3.04,2.87,0.10875923606117965,2.78
2026-04-16,2.78,2.78,3.01,2.9,0.054379618030863254,2.78
2026-04-17,2.71,2.78,2.78,3.1,0.05707138387302795,2.71
2026-04-20,2.81,2.71,2.78,3.25,0.06047431568180453,2.81
2026-04-21,2.76,2.81,2.64,3.08,0.03207134903011182,2.76
2026-04-22,2.75,2.76,2.79,3.15,0.03236694374912205,2.75
2026-04-23,2.65,2.75,2.79,3.27,0.053363086938994594,2.65
2026-04-24,2.54,2.65,2.78,3.2,0.09253056123219054,2.54
2026-04-27,2.72,2.54,2.78,3.03,0.08810167286688778,2.72
2026-04-28,2.7,2.72,2.71,3.14,0.08810167286688772,2.7
2026-04-29,2.6,2.7,2.81,3.12,0.08162049229172721,2.6
2026-04-30,2.64,2.6,2.76,3.21,0.07273565968983327,2.64
2026-05-01,2.63,2.64,2.75,3.04,0.06027713773374019,2.63
2026-05-04,2.67,2.63,2.65,2.94,0.06129553700867481,2.67
2026-05-05,2.83,2.67,2.54,2.9,0.07634508123389887,2.83
2026-05-06,2.75,2.83,2.72,2.94,0.07946247991552316,2.75
2026-05-07,2.7,2.75,2.7,2.99,0.07946247991552316,2.7
2026-05-08,2.75,2.7,2.6,2.99,0.07141428428570377,2.75
2026-05-11,2.82,2.75,2.64,2.88,0.0743543638841116,2.82
2026-05-12,2.91,2.82,2.63,2.88,0.08283661486289996,2.91
2026-05-13,2.88,2.91,2.67,2.99,0.07590721152792117,2.88
2026-05-14,2.79,2.88,2.83,2.86,0.07527726527117229,2.79
2026-05-15,2.89,2.79,2.75,2.905,0.07831560083005956,2.89
2026-05-18,3.07,2.89,2.7,3.04,0.10435744434642107,3.07
2026-05-19,3.23,3.07,2.75,3.01,0.15539504190179157,3.23
2026-05-20,3.18,3.23,2.82,2.78,0.16760213659293535,3.18
2026-05-21,3.14,3.18,2.91,2.78,0.17115851744882296,3.14
2026-05-22,2.92,3.14,2.88,2.64,0.16607514076764573,2.92
2026-05-25,3.055,2.92,2.79,2.79,0.12762015813321154,3.055
2026-05-26,3.1,3.055,2.89,2.79,0.10018435387796874,3.1
2026-05-27,3.13,3.1,3.07,2.78,0.0998272317081744,3.13
2026-05-28,3.04,3.13,3.23,2.78,0.08594710444189486,3.04
2026-05-29,3.34,3.04,3.18,2.71,0.12782521548711362,3.34
2026-06-01,3.07,3.34,3.14,2.81,0.12723712396280804,3.07
2026-06-02,2.97,3.07,2.92,2.76,0.11684849775933244,2.97
2026-06-03,2.97,2.97,3.055,2.75,0.1264157916598777,2.97
2026-06-04,3.08,2.97,3.1,2.65,0.12634043201582765,3.08
2026-06-05,3.05,3.08,3.13,2.54,0.12528063735182407,3.05
2026-06-08,3.1,3.05,3.04,2.72,0.12459458063595996,3.1
2026-06-09,3.18,3.1,3.34,2.7,0.07393691004300737,3.18
2026-06-10,3.27,3.18,3.07,2.6,0.1088467686597094,3.27
2026-06-11,3.16,3.27,2.97,2.64,0.09744351233037268,3.16
2026-06-12,3.06,3.16,2.97,2.63,0.07925245977882237,3.06
2026-06-15,3.06,3.06,3.08,2.67,0.08162049229174144,3.06
2026-06-16,3.1,3.06,3.05,2.83,0.07587583842821341,3.1
2026-06-17,3.25,3.1,3.1,2.75,0.0856070758092637,3.25
2026-06-18,3.08,3.25,3.18,2.7,0.08888194417338947,3.08
2026-06-19,3.1,3.08,3.27,2.75,0.06827814263690957,3.1
2026-06-22,3.16,3.1,3.16,2.82,0.06827814263690957,3.16
2026-06-23,3.15,3.16,3.06,2.91,0.06440201120819528,3.15
2026-06-24,3.19,3.15,3.06,2.88,0.059920582361303286,3.19
2026-06-25,3.21,3.19,3.1,2.79,0.05992058236130381,3.21
2026-06-26,3.26,3.21,3.25,2.89,0.062411842588403835,3.26
2026-06-29,3.33,3.26,3.08,3.07,0.07615773105891334,3.33
2026-06-30,3.34,3.33,3.1,3.23,0.07764387566713404,3.34
2026-07-01,3.34,3.34,3.16,3.18,0.0787400787403852,3.34
2026-07-02,3.34,3.34,3.15,3.14,0.06626066850340682,3.34
2026-07-03,3.3274999999999997,3.34,3.19,2.92,0.051371082286441674,3.3274999999999997
2026-07-06,3.29,3.3274999999999997,3.21,3.055,0.031182069023939753,3.29
2026-07-07,3.13,3.29,3.26,3.1,0.07687149140297989,3.13
2026-07-08,3.13,3.13,3.33,3.13,0.09797807091892778,3.13
2026-07-09,3.17,3.13,3.34,3.04,0.09910762548166187,3.17
2026-07-10,2.73,3.17,3.34,3.34,0.20982348023322928,2.73
2026-07-13,2.83,2.73,3.34,3.07,0.22477170958243964,2.83
